"id","hash","base","type","path","format","name","description","trigger_phrases","config","created_at","updated_at","file_size"
"261140fd-9c85-4b69-b262-77a8e8f99c21","blake3:8aadbed066021cc98686965fe9fc580083acbe027f600190f8d2436e6ac8b366","flux","main","flux/main/FLUX.gguf","gguf_quantized","FLUX.1 Kontext dev (Quantized)","FLUX.1 Kontext dev quantized (q4_k_m). Total size with dependencies: ~14GB",,"{""key"":""261140fd-9c85-4b69-b262-77a8e8f99c21"",""hash"":""blake3:8aadbed066021cc98686965fe9fc580083acbe027f600190f8d2436e6ac8b366"",""path"":""flux/main/FLUX.gguf"",""file_size"":6931817760,""name"":""FLUX.1 Kontext dev (Quantized)"",""type"":""main"",""format"":""gguf_quantized"",""base"":""flux"",""source"":""https://huggingface.co/unsloth/FLUX.1-Kontext-dev-GGUF/resolve/main/flux1-kontext-dev-Q4_K_M.gguf"",""source_type"":""url"",""description"":""FLUX.1 Kontext dev quantized (q4_k_m). Total size with dependencies: ~14GB"",""source_api_response"":null,""cover_image"":null,""submodels"":null,""usage_info"":null,""trigger_phrases"":null,""default_settings"":null,""variant"":""normal"",""config_path"":""flux-dev"",""converted_at"":1752803246.6482782,""prediction_type"":""epsilon"",""upcast_attention"":false}","2025-07-18 01:47:30.888","2025-07-18 01:47:30.888",6931817760
"e32b8b48-be78-4cdf-8777-57c138e75e17","blake3:6554acdc428a005801b50af13f7a71d5e80674ea37626a37ba7228e475fb9231","flux","main","flux/main/FLUX Fill.safetensors","checkpoint","FLUX Fill","FLUX Fill model (for inpainting).",,"{""key"":""e32b8b48-be78-4cdf-8777-57c138e75e17"",""hash"":""blake3:6554acdc428a005801b50af13f7a71d5e80674ea37626a37ba7228e475fb9231"",""path"":""flux/main/FLUX Fill.safetensors"",""file_size"":23804922408,""name"":""FLUX Fill"",""type"":""main"",""format"":""checkpoint"",""base"":""flux"",""source"":""black-forest-labs/FLUX.1-Fill-dev::flux1-fill-dev.safetensors"",""source_type"":""hf_repo_id"",""description"":""FLUX Fill model (for inpainting)."",""source_api_response"":""{\""id\"": \""black-forest-labs/FLUX.1-Fill-dev\"", \""author\"": \""black-forest-labs\"", \""sha\"": \""358293da0354175698b67ec8299acf928313a78a\"", \""last_modified\"": \""2025-06-27 16:23:07+00:00\"", \""created_at\"": \""2024-11-20 19:45:33+00:00\"", \""private\"": false, \""gated\"": \""auto\"", \""disabled\"": false, \""downloads\"": 312186, \""downloads_all_time\"": null, \""likes\"": 831, \""library_name\"": \""diffusers\"", \""gguf\"": null, \""inference\"": null, \""inference_provider_mapping\"": null, \""tags\"": [\""diffusers\"", \""safetensors\"", \""image-generation\"", \""flux\"", \""diffusion-single-file\"", \""en\"", \""license:other\"", \""diffusers:FluxFillPipeline\"", \""region:us\""], \""pipeline_tag\"": null, \""mask_token\"": null, \""trending_score\"": null, \""card_data\"": \""language:\\n- en\\nlicense: other\\nlicense_name: flux-1-dev-non-commercial-license\\nlicense_link: LICENSE.md\\ntags:\\n- image-generation\\n- flux\\n- diffusion-single-file\\nextra_gated_prompt: By clicking \\\""Agree\\\"", you agree to the [FluxDev Non-Commercial\\n  License Agreement](https://huggingface.co/black-forest-labs/FLUX.1-Fill-dev/blob/main/LICENSE.md)\\n  and acknowledge the [Acceptable Use Policy](https://huggingface.co/black-forest-labs/FLUX.1-Fill-dev/blob/main/POLICY.md).\"", \""widget_data\"": null, \""model_index\"": null, \""config\"": {\""diffusers\"": {\""_class_name\"": \""FluxFillPipeline\""}}, \""transformers_info\"": null, \""siblings\"": [\""RepoSibling(rfilename='.gitattributes', size=1571, blob_id='6c07b2b184c926a167c96895381a7c9e8c54c905', lfs=None)\"", \""RepoSibling(rfilename='LICENSE.md', size=18621, blob_id='763a44c31c02064a8388981040487ce8731ddc86', lfs=None)\"", \""RepoSibling(rfilename='README.md', size=4096, blob_id='06057201e2db0fa1b096171b0a3921b88cd4a12d', lfs=None)\"", \""RepoSibling(rfilename='ae.safetensors', size=335304388, blob_id='71f11a92800c4a93cead7cebc556531926ecfc33', lfs=BlobLfsInfo(size=335304388, sha256='afc8e28272cd15db3919bacdb6918ce9c1ed22e96cb12c4d5ed0fba823529e38', pointer_size=134))\"", \""RepoSibling(rfilename='flux1-fill-dev.safetensors', size=23804922408, blob_id='36b7da0c3ee0f2a5e0feaebf5be368649d698806', lfs=BlobLfsInfo(size=23804922408, sha256='03e289f530df51d014f48e675a9ffa2141bc003259bf5f25d75b957e920a41ca', pointer_size=136))\"", \""RepoSibling(rfilename='model_index.json', size=540, blob_id='b09a49f0a56a59b9fcaba3087ab3982fcdc79b95', lfs=None)\"", \""RepoSibling(rfilename='scheduler/scheduler_config.json', size=299, blob_id='9ab63efc0533c769b781dddbd177fad8c8c18d49', lfs=None)\"", \""RepoSibling(rfilename='text_encoder/config.json', size=561, blob_id='d496a6a2474172a0b3f2b19ea97d90e84287b075', lfs=None)\"", \""RepoSibling(rfilename='text_encoder/model.safetensors', size=246144352, blob_id='40a62c5746d88a2483eb10db5ef38d12c5b6b893', lfs=BlobLfsInfo(size=246144352, sha256='893d67a23f4693ed42cdab4cbad7fe3e727cf59609c40da28a46b5470f9ed082', pointer_size=134))\"", \""RepoSibling(rfilename='text_encoder_2/config.json', size=741, blob_id='cf6c4d78b3b4f575a8b296ee5fccf6ab4e14c686', lfs=None)\"", \""RepoSibling(rfilename='text_encoder_2/model-00001-of-00002.safetensors', size=4994582224, blob_id='fb543745ed2f4aa1105e3a8f97ff89a6ff7b5662', lfs=BlobLfsInfo(size=4994582224, sha256='ec87bffd1923e8b2774a6d240c922a41f6143081d52cf83b8fe39e9d838c893e', pointer_size=135))\"", \""RepoSibling(rfilename='text_encoder_2/model-00002-of-00002.safetensors', size=4530066360, blob_id='c1596ab4886c9962503f01891b16715d1469fbe5', lfs=BlobLfsInfo(size=4530066360, sha256='a5640855b301fcdbceddfa90ae8066cd9414aff020552a201a255ecf2059da00', pointer_size=135))\"", \""RepoSibling(rfilename='text_encoder_2/model.safetensors.index.json', size=19885, blob_id='c8728bc3dca59d2616a2a594cbac3ddb9eb77d5b', lfs=None)\"", \""RepoSibling(rfilename='tokenizer/merges.txt', size=524619, blob_id='76e821f1b6f0a9709293c3b6b51ed90980b3166b', lfs=None)\"", \""RepoSibling(rfilename='tokenizer/special_tokens_map.json', size=588, blob_id='cf0682d6de72c1547f41b4f6d7c59f62deffef94', lfs=None)\"", \""RepoSibling(rfilename='tokenizer/tokenizer_config.json', size=705, blob_id='180a4e1be2a7d0b38a44108d6f24f585f35147b1', lfs=None)\"", \""RepoSibling(rfilename='tokenizer/vocab.json', size=1059962, blob_id='469be27c5c010538f845f518c4f5e8574c78f7c8', lfs=None)\"", \""RepoSibling(rfilename='tokenizer_2/special_tokens_map.json', size=2543, blob_id='17ade346a1042cbe0c1436f5bedcbd85c099d582', lfs=None)\"", \""RepoSibling(rfilename='tokenizer_2/spiece.model', size=791656, blob_id='317a5ccbde45300f5d1d970d4d449af2108b147e', lfs=BlobLfsInfo(size=791656, sha256='d60acb128cf7b7f2536e8f38a5b18a05535c9e14c7a355904270e15b0945ea86', pointer_size=131))\"", \""RepoSibling(rfilename='tokenizer_2/tokenizer.json', size=2424235, blob_id='21ed409afa3df5a822caa0fd5da30d13941f90b5', lfs=None)\"", \""RepoSibling(rfilename='tokenizer_2/tokenizer_config.json', size=20817, blob_id='b336fa236135e6c87e246485e4d69e415cc57da0', lfs=None)\"", \""RepoSibling(rfilename='transformer/config.json', size=393, blob_id='9a19ee2be2959dc5e225b4d9c61f3e969dbfefb1', lfs=None)\"", \""RepoSibling(rfilename='transformer/diffusion_pytorch_model-00001-of-00003.safetensors', size=9985006384, blob_id='3bfaac0cde61d073c40682b9a9b85c883dec8610', lfs=BlobLfsInfo(size=9985006384, sha256='4cef6b166b2163ba9a01ccb68bf53054556852b69b32c0565dfe0741d28982d7', pointer_size=135))\"", \""RepoSibling(rfilename='transformer/diffusion_pytorch_model-00002-of-00003.safetensors', size=9949328904, blob_id='009a9fcdbc7f44c98dc68fbd4f053f17fe7e6a30', lfs=BlobLfsInfo(size=9949328904, sha256='cd99fdd45ac404a9c98c939bdc986647cd5160ca48b8e679e81d3d59c2b9a1e0', pointer_size=135))\"", \""RepoSibling(rfilename='transformer/diffusion_pytorch_model-00003-of-00003.safetensors', size=3870584832, blob_id='78fe952fe44963134c76b977f5fa6f90da80d77e', lfs=BlobLfsInfo(size=3870584832, sha256='ed878852603579083b4a4ea80544504faca9f42ebd41aaa103c3023ee2ebfbd5', pointer_size=135))\"", \""RepoSibling(rfilename='transformer/diffusion_pytorch_model.safetensors.index.json', size=121262, blob_id='21f6c277a5b661e77f9b259c05ca7dad2a29f559', lfs=None)\"", \""RepoSibling(rfilename='vae/config.json', size=774, blob_id='ed8c04742888d41b78298d360299f40710fa20ae', lfs=None)\"", \""RepoSibling(rfilename='vae/diffusion_pytorch_model.safetensors', size=335306212, blob_id='2fba9e4bc6a3c24f3926795dd6a4f80b520839a2', lfs=BlobLfsInfo(size=335306212, sha256='8c717328c8ad41faab2ccfd52ae17332505c6833cf176aad56e7b58f2c4d4c94', pointer_size=134))\""], \""spaces\"": [\""multimodalart/flux-fill-outpaint\"", \""black-forest-labs/FLUX.1-Fill-dev\"", \""zhengchong/CatVTON\"", \""xiaozaa/catvton-flux-try-on\"", \""vilarin/Flux.1-Fill-dev\"", \""WensongSong/Insert-Anything\"", \""pngwn/FLUX.1-Fill-dev\"", \""VisualCloze/VisualCloze\"", \""Nymbo/flux-fill-outpaint\"", \""not-lain/flux-inpainting\"", \""jallenjia/flux-fill-outpaint\"", \""ginigen/VisualCloze\"", \""not-lain/gpu-utils\"", \""Surn/HexaGrid\"", \""sariyam/flux-fill-outpaint\"", \""bep40/Insert-Anything\"", \""Calligrapher2025/Calligrapher\"", \""blanchon/FurnitureDemo\"", \""RageshAntony/RG-CatVTON\"", \""jdavis/Flux-1.0-Fill-Inpaint\"", \""SahilCarterr/Calligrapher\"", \""Ashoka74/RefurnishAI\"", \""nuwandaa/flux-fill-outpaint\"", \""sitatech/vibe-shopping\"", \""maccmaccmaccc/5428-p-llamaindexRAG\"", \""gradiopro/flux-fill-outpaint\"", \""gradiopro/FLUX.1-Fill-dev\"", \""ZetaWolf2003/flux-fill-outpaint\"", \""vjsiddhufp/flux-fill-outpaint\"", \""gunvattagurukulqci/flux-fill-outpaint\"", \""skinnymixes/flux-fill-outpaint\"", \""xragejp/flux-fill-outpaint\"", \""nvn04/DemoStyleSnap\"", \""Himanshu806/fluxInpaint-testing\"", \""Perry1323/flux-fill-outpaint\"", \""rtallam45/MarketingCopilot\"", \""nuwandaa/FLUX.1-Fill-dev\"", \""botai3/CHELUMORE_AI\"", \""botai3/CatVTON\"", \""Gainward777/Try-On_Flux\"", \""DJStomp/Flux.1-Fill-dev\"", \""WolseyTheCat/fc-simple\"", \""Everybody8454/inpaint-text\"", \""Alisha21032002/flux-fill-demo\"", \""sphinxsolution/flux-fill-demo\"", \""innoai/flux-fill-outpaint\"", \""Justo19/mvp-catvton\"", \""K00B404/VisualCloze\"", \""Jeshnu06/HyperGen-Inpainting\"", \""svjack/flux-inpainting\"", \""yupengtang/flux-poc\"", \""SnapwearAI/SAKS-backend\"", \""zeenai2025/Insert-Anything2\"", \""HAL1993/MDFploteso67890abcdef1234567890abcdef1234567890abcdef1234567890abcdef1234567\"", \""samirk08/vtontry\""], \""safetensors\"": null, \""security_repo_status\"": null, \""xet_enabled\"": null, \""lastModified\"": \""2025-06-27 16:23:07+00:00\"", \""cardData\"": \""language:\\n- en\\nlicense: other\\nlicense_name: flux-1-dev-non-commercial-license\\nlicense_link: LICENSE.md\\ntags:\\n- image-generation\\n- flux\\n- diffusion-single-file\\nextra_gated_prompt: By clicking \\\""Agree\\\"", you agree to the [FluxDev Non-Commercial\\n  License Agreement](https://huggingface.co/black-forest-labs/FLUX.1-Fill-dev/blob/main/LICENSE.md)\\n  and acknowledge the [Acceptable Use Policy](https://huggingface.co/black-forest-labs/FLUX.1-Fill-dev/blob/main/POLICY.md).\"", \""transformersInfo\"": null, \""_id\"": \""673e3c5da3eda9a8c99bda8a\"", \""modelId\"": \""black-forest-labs/FLUX.1-Fill-dev\"", \""usedStorage\"": 58053956587}"",""cover_image"":null,""submodels"":null,""usage_info"":null,""trigger_phrases"":null,""default_settings"":null,""variant"":""inpaint"",""config_path"":""flux-dev-fill"",""converted_at"":1752805626.606005,""prediction_type"":""epsilon"",""upcast_attention"":false}","2025-07-18 02:27:32.762","2025-07-18 02:27:32.762",23804922408
"b9da2d0e-0751-409b-9149-ca9ba6c82c46","blake3:8e532c2cb80971c1fc56074e63adcfcaba7b2e1c7c79afda98a459aafd4f4b87","flux","main","flux/main/flux1-dev-bnb_quantized_nf4b.safetensors","bnb_quantized_nf4b","FLUX1.1 [dev] bnb quantized nf4b","flux main model flux1-dev-bnb_quantized_nf4b",,"{""key"":""b9da2d0e-0751-409b-9149-ca9ba6c82c46"",""hash"":""blake3:8e532c2cb80971c1fc56074e63adcfcaba7b2e1c7c79afda98a459aafd4f4b87"",""path"":""flux/main/flux1-dev-bnb_quantized_nf4b.safetensors"",""file_size"":6699220715,""name"":""FLUX1.1 [dev] bnb quantized nf4b"",""type"":""main"",""format"":""bnb_quantized_nf4b"",""base"":""flux"",""source"":""/home/alex/Dev/AI/invokeai/models/flux/main/flux1-dev-bnb_quantized_nf4b.safetensors"",""source_type"":""path"",""description"":""flux main model flux1-dev-bnb_quantized_nf4b"",""source_api_response"":null,""cover_image"":null,""submodels"":null,""usage_info"":null,""trigger_phrases"":null,""default_settings"":null,""variant"":""normal"",""config_path"":""flux-dev"",""converted_at"":1754183041.0,""prediction_type"":""epsilon"",""upcast_attention"":false}","2025-07-18 12:51:55.377","2025-08-03 01:04:49.526",6699220715
"54b66417-d8fc-4a56-9b78-5b473687f358","blake3:40ace2cf5d03a95ec710054ec5e4c8e864341a7ebfefe188ed750c41a0463795","flux","main","flux/main/flux1-dev.safetensors","checkpoint","FLUX1.1 [dev]","flux main model flux1-dev",,"{""key"":""54b66417-d8fc-4a56-9b78-5b473687f358"",""hash"":""blake3:40ace2cf5d03a95ec710054ec5e4c8e864341a7ebfefe188ed750c41a0463795"",""path"":""flux/main/flux1-dev.safetensors"",""file_size"":23802932552,""name"":""FLUX1.1 [dev]"",""type"":""main"",""format"":""checkpoint"",""base"":""flux"",""source"":""/home/alex/Dev/AI/comfyui/models/checkpoints/flux1-dev.safetensors"",""source_type"":""path"",""description"":""flux main model flux1-dev"",""source_api_response"":null,""cover_image"":null,""submodels"":null,""usage_info"":null,""trigger_phrases"":null,""default_settings"":{""vae"":""852d4328-9273-4348-b1a0-0ed96baa3acd"",""vae_precision"":null,""scheduler"":null,""steps"":35,""cfg_scale"":null,""cfg_rescale_multiplier"":null,""width"":1024,""height"":1024,""guidance"":3.5},""variant"":""normal"",""config_path"":""flux-dev"",""converted_at"":1753318739.0,""prediction_type"":""epsilon"",""upcast_attention"":false}","2025-07-18 13:19:23.560","2025-08-03 01:03:31.446",23802932552
"f03adc8e-1e8b-487d-9560-c961f08ecd9c","blake3:47e50ae7c4d4c8ff318b93d5851635c5a43cd161a47f40f47c985aa06afbc120","flux","main","flux/main/flux1-schnell-fp8.safetensors","checkpoint","FLUX1.1 [schnell] fp8","flux main model flux1-schnell-fp8",,"{""key"":""f03adc8e-1e8b-487d-9560-c961f08ecd9c"",""hash"":""blake3:47e50ae7c4d4c8ff318b93d5851635c5a43cd161a47f40f47c985aa06afbc120"",""path"":""flux/main/flux1-schnell-fp8.safetensors"",""file_size"":17236328572,""name"":""FLUX1.1 [schnell] fp8"",""type"":""main"",""format"":""checkpoint"",""base"":""flux"",""source"":""/home/alex/Dev/AI/comfyui/models/checkpoints/flux1-schnell-fp8.safetensors"",""source_type"":""path"",""description"":""flux main model flux1-schnell-fp8"",""source_api_response"":null,""cover_image"":null,""submodels"":null,""usage_info"":null,""trigger_phrases"":null,""default_settings"":null,""variant"":""normal"",""config_path"":""flux-schnell"",""converted_at"":1752845002.0,""prediction_type"":""epsilon"",""upcast_attention"":false}","2025-07-18 13:23:22.622","2025-08-03 01:04:38.628",17236328572
"165af86b-da62-4d75-9436-0d3b12b9aaf3","blake3:e871cec402bf0b29baa9bf611921f9ddfebf055db310659a02b5bc175a5da6c8","flux","main","flux/main/AdelAI - Fluxmania - Legacy.safetensors","checkpoint","AdelAI - Fluxmania - Legacy","Recommended settings : dpmpp_2m / sgm_uniform / 25 steps / flux guidance : 3.5
dtype : preferably use E4M3, but if vertical streaks or other artifacts appear, switch to E5M2
Quantized versions of the Fluxmania Legacy model:
https://huggingface.co/belisarius/FLUX.1-dev-Fluxmania-Legacy-gguf/tree/main",,"{""key"":""165af86b-da62-4d75-9436-0d3b12b9aaf3"",""hash"":""blake3:e871cec402bf0b29baa9bf611921f9ddfebf055db310659a02b5bc175a5da6c8"",""path"":""flux/main/AdelAI - Fluxmania - Legacy.safetensors"",""file_size"":23802919856,""name"":""AdelAI - Fluxmania - Legacy"",""type"":""main"",""format"":""checkpoint"",""base"":""flux"",""source"":""/home/alex/Downloads/AdelAI - Fluxmania - Legacy.safetensors"",""source_type"":""path"",""description"":""Recommended settings : dpmpp_2m / sgm_uniform / 25 steps / flux guidance : 3.5\ndtype : preferably use E4M3, but if vertical streaks or other artifacts appear, switch to E5M2\nQuantized versions of the Fluxmania Legacy model:\nhttps://huggingface.co/belisarius/FLUX.1-dev-Fluxmania-Legacy-gguf/tree/main"",""source_api_response"":null,""cover_image"":null,""submodels"":null,""usage_info"":null,""trigger_phrases"":null,""default_settings"":{""vae"":""852d4328-9273-4348-b1a0-0ed96baa3acd"",""vae_precision"":null,""scheduler"":null,""steps"":25,""cfg_scale"":null,""cfg_rescale_multiplier"":null,""width"":1024,""height"":1024,""guidance"":3.5},""variant"":""normal"",""config_path"":""flux-dev"",""converted_at"":1753321723.0,""prediction_type"":""epsilon"",""upcast_attention"":false}","2025-07-24 01:47:37.566","2025-07-24 01:49:10.932",23802919856
"005ae40d-7017-4f4d-b7c3-607a46ccad8a","blake3:b7453a6083c092ae70fbb49bd0400bae2c46da7a47ccf5fce80cf9d8617b061f","flux","main","flux/main/flux1-dev - Arthemy Comics - beta.safetensors","checkpoint","FLUX1.1 [dev] - Arthemy Comics - beta","flux main model flux1-dev - Arthemy Comics - beta",,"{""key"":""005ae40d-7017-4f4d-b7c3-607a46ccad8a"",""hash"":""blake3:b7453a6083c092ae70fbb49bd0400bae2c46da7a47ccf5fce80cf9d8617b061f"",""path"":""flux/main/flux1-dev - Arthemy Comics - beta.safetensors"",""file_size"":17078867342,""name"":""FLUX1.1 [dev] - Arthemy Comics - beta"",""type"":""main"",""format"":""checkpoint"",""base"":""flux"",""source"":""/home/alex/Downloads/flux1-dev - Arthemy Comics - beta.safetensors"",""source_type"":""path"",""description"":""flux main model flux1-dev - Arthemy Comics - beta"",""source_api_response"":null,""cover_image"":null,""submodels"":null,""usage_info"":null,""trigger_phrases"":null,""default_settings"":{""vae"":""852d4328-9273-4348-b1a0-0ed96baa3acd"",""vae_precision"":null,""scheduler"":null,""steps"":35,""cfg_scale"":null,""cfg_rescale_multiplier"":null,""width"":1024,""height"":1024,""guidance"":3.5},""variant"":""normal"",""config_path"":""flux-dev"",""converted_at"":1753536257.0,""prediction_type"":""epsilon"",""upcast_attention"":false}","2025-07-26 13:22:16.578","2025-08-03 01:03:47.477",17078867342
"ba90cfd2-4351-4c20-a5f6-378ec71c3eb2","blake3:da55e305d88347119564c40ef9c778dd3df9b1f4620956f983a1f72862a37dfc","sd-1","main","sd-1/main/Dreamshaper 8","diffusers","Dreamshaper 8","Popular versatile model.",,"{""key"":""ba90cfd2-4351-4c20-a5f6-378ec71c3eb2"",""hash"":""blake3:da55e305d88347119564c40ef9c778dd3df9b1f4620956f983a1f72862a37dfc"",""path"":""sd-1/main/Dreamshaper 8"",""file_size"":2742241460,""name"":""Dreamshaper 8"",""type"":""main"",""format"":""diffusers"",""base"":""sd-1"",""source"":""Lykon/dreamshaper-8"",""source_type"":""hf_repo_id"",""description"":""Popular versatile model."",""source_api_response"":""{\""id\"": \""Lykon/dreamshaper-8\"", \""author\"": \""Lykon\"", \""sha\"": \""a7e52b98680b1ba8ff7bce97c7f9f2e2e5337917\"", \""last_modified\"": \""2023-12-07 10:14:28+00:00\"", \""created_at\"": \""2023-08-26 16:49:06+00:00\"", \""private\"": false, \""gated\"": false, \""disabled\"": false, \""downloads\"": 53589, \""downloads_all_time\"": null, \""likes\"": 74, \""library_name\"": \""diffusers\"", \""gguf\"": null, \""inference\"": null, \""inference_provider_mapping\"": null, \""tags\"": [\""diffusers\"", \""safetensors\"", \""stable-diffusion\"", \""stable-diffusion-diffusers\"", \""text-to-image\"", \""art\"", \""artistic\"", \""anime\"", \""dreamshaper\"", \""en\"", \""license:creativeml-openrail-m\"", \""autotrain_compatible\"", \""endpoints_compatible\"", \""diffusers:StableDiffusionPipeline\"", \""region:us\""], \""pipeline_tag\"": \""text-to-image\"", \""mask_token\"": null, \""trending_score\"": null, \""card_data\"": \""language:\\n- en\\nlicense: creativeml-openrail-m\\npipeline_tag: text-to-image\\ntags:\\n- stable-diffusion\\n- stable-diffusion-diffusers\\n- text-to-image\\n- art\\n- artistic\\n- diffusers\\n- anime\\n- dreamshaper\\nduplicated_from: lykon/dreamshaper-8\"", \""widget_data\"": null, \""model_index\"": null, \""config\"": {\""diffusers\"": {\""_class_name\"": \""StableDiffusionPipeline\""}}, \""transformers_info\"": null, \""siblings\"": [\""RepoSibling(rfilename='.gitattributes', size=1519, blob_id='a6344aac8c09253b3b630fb776ae94478aa0275b', lfs=None)\"", \""RepoSibling(rfilename='README.md', size=2421, blob_id='71330df761a37327da4510ab8ea461cca44ac3c0', lfs=None)\"", \""RepoSibling(rfilename='feature_extractor/preprocessor_config.json', size=520, blob_id='e0675735fd0052745f2f7b7291e4aa7859389998', lfs=None)\"", \""RepoSibling(rfilename='image.png', size=374826, blob_id='fd8c172e175b02fc59f43cacf92cca48302a39e2', lfs=None)\"", \""RepoSibling(rfilename='model_index.json', size=642, blob_id='9584de47e940a1cff5abd39f6348ea76895ca004', lfs=None)\"", \""RepoSibling(rfilename='safety_checker/config.json', size=796, blob_id='e4a1e17c03e6ed1d5205a5fb6e08b1d0d5822612', lfs=None)\"", \""RepoSibling(rfilename='safety_checker/model.fp16.safetensors', size=608016280, blob_id='bfbbf684b4a9f55fcd69672a74736f095e4084ed', lfs=BlobLfsInfo(size=608016280, sha256='57ecdfa243b170f9b4cb3eefaf0f64552ef78fc0bf0eb1c5b9675308447184f6', pointer_size=134))\"", \""RepoSibling(rfilename='safety_checker/model.safetensors', size=1215979664, blob_id='3664190c342ff99f7f7ab5bda9648e375ef361e0', lfs=BlobLfsInfo(size=1215979664, sha256='fb351a5ded815c3ff744968ad9c6b218d071b9d313d04f35e813b84b4c0ffde8', pointer_size=135))\"", \""RepoSibling(rfilename='scheduler/scheduler_config.json', size=614, blob_id='a63f334bd6446e1cd3d49f32dac82fd45d0fff53', lfs=None)\"", \""RepoSibling(rfilename='text_encoder/config.json', size=724, blob_id='8500de75f41891f1ebdf7c9e55aca67f39f6ddfe', lfs=None)\"", \""RepoSibling(rfilename='text_encoder/model.fp16.safetensors', size=246144152, blob_id='90f325c92906ad39ebd3c3c40e5c814c75d6e7a4', lfs=BlobLfsInfo(size=246144152, sha256='fda1f312e49f667179f53878e6ac717d8f37d6119cc5adb76fba88895b94d0a7', pointer_size=134))\"", \""RepoSibling(rfilename='text_encoder/model.safetensors', size=492265168, blob_id='71b3ef9e272aa3c58bd1f30b5e6e39b345580688', lfs=BlobLfsInfo(size=492265168, sha256='5cd76eb3ed326974cfd66795384e890742dfdb5a80f5f4e4cb1547d51ec75d86', pointer_size=134))\"", \""RepoSibling(rfilename='tokenizer/merges.txt', size=524619, blob_id='76e821f1b6f0a9709293c3b6b51ed90980b3166b', lfs=None)\"", \""RepoSibling(rfilename='tokenizer/special_tokens_map.json', size=472, blob_id='2c2130b544c0c5a72d5d00da071ba130a9800fb2', lfs=None)\"", \""RepoSibling(rfilename='tokenizer/tokenizer_config.json', size=737, blob_id='2e8612a429492973fe60635b3f44a28b065cfac0', lfs=None)\"", \""RepoSibling(rfilename='tokenizer/vocab.json', size=1059962, blob_id='469be27c5c010538f845f518c4f5e8574c78f7c8', lfs=None)\"", \""RepoSibling(rfilename='unet/config.json', size=1868, blob_id='f56ddd2e37ddc89a5b759fafd3f61b494088a087', lfs=None)\"", \""RepoSibling(rfilename='unet/diffusion_pytorch_model.fp16.safetensors', size=1719125304, blob_id='4f8e8cb73a7c8719ad424dab8a99896ae7bda0b2', lfs=BlobLfsInfo(size=1719125304, sha256='ac0a7f112b9485d3e0c492fad89891ba82c60d7b09653bf5083b5a2b592828f3', pointer_size=135))\"", \""RepoSibling(rfilename='unet/diffusion_pytorch_model.safetensors', size=3438167536, blob_id='5fc363799d5baef782ccbe45646ee4667666db00', lfs=BlobLfsInfo(size=3438167536, sha256='89b54dc332757e6fff8caef7399e8061833d7d668d42fdbcc02b3e366921c5a6', pointer_size=135))\"", \""RepoSibling(rfilename='vae/config.json', size=756, blob_id='784a450cb1ee4cd0d8e71e6a5c21eddb9016779e', lfs=None)\"", \""RepoSibling(rfilename='vae/diffusion_pytorch_model.fp16.safetensors', size=167335342, blob_id='97c30182822ccc90301740aede01d4b620eb93d1', lfs=BlobLfsInfo(size=167335342, sha256='ff38c7ec66a4ae76f466a3ade876522bff4fea8add1981cc433f518666cea33d', pointer_size=134))\"", \""RepoSibling(rfilename='vae/diffusion_pytorch_model.safetensors', size=334643268, blob_id='59426d13c2facc6c8fc63a36300d84b421931b4a', lfs=BlobLfsInfo(size=334643268, sha256='a02c00c3ec17e99528f0ce53bcc508729ce9f9d3e653eb1cbc99a5da0030446f', pointer_size=134))\""], \""spaces\"": [\""Nymbo/image_gen_supaqueue\"", \""Krebzonide/SDXL-Turbo-With-Refiner\"", \""hansyan/perflow-triposr\"", \""Huage001/LinFusion-SD-v1.5\"", \""rupeshs/fastsdcpu\"", \""Deadmon/Ip-Adapter-FaceID\"", \""michaelj/testlcm\"", \""michaelj/FastAPI_lcm_docker\"", \""tejani/Another\"", \""tejani/testlcm2\"", \""Bluestrikeai/strike-craft-ai\"", \""faircompute/stable-diffusion\"", \""clockfree/Lykon-dreamshaper-8\"", \""Krebzonide/SD-Minimum-Code-Example\"", \""bigskaven/perflow-triposr\"", \""cocktailpeanut/perflow-triposr\"", \""tsi-org/perflow-triposr\"", \""ZeqiangLai/OpenDMD\"", \""rutwik1440/text-to-image\"", \""seawolf2357/tex3\"", \""djrana/dreamshaperv8\"", \""inTimeZ/Lykon-dreamshaper-8\"", \""nikhil61191/FairComputeStableDifussionDemo\"", \""hfai-aam/easy-diffusion\"", \""bilegentile/fastsdtest\"", \""Kano001/dreamshaper-8\"", \""Rodneyontherock1067/fastsdcpu\"", \""K00B404/image_gen_supaqueue_game_assets\"", \""Baraaqasem/Chat\"", \""andreavitor/fastsdcpu\"", \""quangnhat/QNT-ByteDance\"", \""YoBatM/FastStableDifussion\"", \""K00B404/SDXL-Turbo-With-Refiner\"", \""abdalraheemdmd/story-image-api\"", \""tejani/testlcm\"", \""WillemVH/AiDisasterSimulator\"", \""tejani/testlcmChange\"", \""vijiths2c/labs\"", \""charliebaby2023/testlcm\"", \""tejani/fastsdcpu\"", \""tejani/NewApp\"", \""Divyansh-87/MythicMorph-Create_your_own_mythical_creatures\"", \""pikkyi/pikkyi-lora\"", \""pikkyi/pikkyi-logo\"", \""kani18/Text-to-3D\"", \""tejani/testlcms\"", \""tejani/fastsdcpu2\"", \""tejani/fastsdcpuClone\"", \""tejani/FaceMask\"", \""ryananacaya/wisdomteller-art101\"", \""ryananacaya/wisdomteller\"", \""Andrewlin238/Surreal_Video_Creator\"", \""clone3/FastGUI\"", \""Meismaxandmaxisme/Testing\"", \""SaraMeckawy/Interior\"", \""RAM0976/image.ai\"", \""kmihore11/ai-text-to-image-kmi-v3\"", \""SaraMeckawy/InteriorAI\"", \""Meismaxandmaxisme/Jurgiok\"", \""Skyb1/inflatable_gen\"", \""DreamDebris/DreamDebris.ai\""], \""safetensors\"": null, \""security_repo_status\"": null, \""xet_enabled\"": null, \""lastModified\"": \""2023-12-07 10:14:28+00:00\"", \""cardData\"": \""language:\\n- en\\nlicense: creativeml-openrail-m\\npipeline_tag: text-to-image\\ntags:\\n- stable-diffusion\\n- stable-diffusion-diffusers\\n- text-to-image\\n- art\\n- artistic\\n- diffusers\\n- anime\\n- dreamshaper\\nduplicated_from: lykon/dreamshaper-8\"", \""transformersInfo\"": null, \""_id\"": \""64ea2d02b36ed038b65f4a64\"", \""modelId\"": \""Lykon/dreamshaper-8\"", \""usedStorage\"": 8221676714}"",""cover_image"":null,""submodels"":null,""usage_info"":null,""trigger_phrases"":null,""default_settings"":{""vae"":null,""vae_precision"":null,""scheduler"":null,""steps"":null,""cfg_scale"":null,""cfg_rescale_multiplier"":null,""width"":512,""height"":512,""guidance"":null},""variant"":""normal"",""repo_variant"":""fp16""}","2025-07-18 00:34:11.152","2025-07-18 00:34:11.152",2742241460
"df4d7f26-1c7d-4b32-b6c4-3735ab15afd4","blake3:384b4c30810345775c9fb9856adf16b0891f3572585c6e75b7fef222b7c12a6e","sd-3","main","sd-3/main/SD3.5-medium","diffusers","SD3.5 Medium","Medium SD3.5 Model: ~15GB",,"{""key"":""df4d7f26-1c7d-4b32-b6c4-3735ab15afd4"",""hash"":""blake3:384b4c30810345775c9fb9856adf16b0891f3572585c6e75b7fef222b7c12a6e"",""path"":""sd-3/main/SD3.5-medium"",""file_size"":16274997061,""name"":""SD3.5 Medium"",""type"":""main"",""format"":""diffusers"",""base"":""sd-3"",""source"":""stabilityai/stable-diffusion-3.5-medium"",""source_type"":""hf_repo_id"",""description"":""Medium SD3.5 Model: ~15GB"",""source_api_response"":""{\""id\"": \""stabilityai/stable-diffusion-3.5-medium\"", \""author\"": \""stabilityai\"", \""sha\"": \""b940f670f0eda2d07fbb75229e779da1ad11eb80\"", \""last_modified\"": \""2024-10-31 08:18:43+00:00\"", \""created_at\"": \""2024-10-29 10:27:32+00:00\"", \""private\"": false, \""gated\"": \""auto\"", \""disabled\"": false, \""downloads\"": 363577, \""downloads_all_time\"": null, \""likes\"": 789, \""library_name\"": \""diffusers\"", \""gguf\"": null, \""inference\"": null, \""inference_provider_mapping\"": null, \""tags\"": [\""diffusers\"", \""safetensors\"", \""text-to-image\"", \""stable-diffusion\"", \""en\"", \""arxiv:2403.03206\"", \""license:other\"", \""diffusers:StableDiffusion3Pipeline\"", \""region:us\""], \""pipeline_tag\"": \""text-to-image\"", \""mask_token\"": null, \""trending_score\"": null, \""card_data\"": \""language:\\n- en\\nlicense: other\\nlicense_name: stabilityai-ai-community\\nlicense_link: LICENSE.md\\npipeline_tag: text-to-image\\ntags:\\n- text-to-image\\n- stable-diffusion\\n- diffusers\\ninference: true\\nextra_gated_prompt: By clicking \\\""Agree\\\"", you agree to the [License Agreement](https://huggingface.co/stabilityai/stable-diffusion-3.5-medium/blob/main/LICENSE.md)\\n  and acknowledge Stability AI's [Privacy Policy](https://stability.ai/privacy-policy).\\nextra_gated_fields:\\n  Name: text\\n  Email: text\\n  Country: country\\n  Organization or Affiliation: text\\n  Receive email updates and promotions on Stability AI products, services, and research?:\\n    type: select\\n    options:\\n    - 'Yes'\\n    - 'No'\\n  What do you intend to use the model for?:\\n    type: select\\n    options:\\n    - Research\\n    - Personal use\\n    - Creative Professional\\n    - Startup\\n    - Enterprise\\n  I agree to the License Agreement and acknowledge Stability AI's Privacy Policy: checkbox\"", \""widget_data\"": null, \""model_index\"": null, \""config\"": {\""diffusers\"": {\""_class_name\"": \""StableDiffusion3Pipeline\""}}, \""transformers_info\"": null, \""siblings\"": [\""RepoSibling(rfilename='.gitattributes', size=1519, blob_id='a6344aac8c09253b3b630fb776ae94478aa0275b', lfs=None)\"", \""RepoSibling(rfilename='LICENSE.md', size=11726, blob_id='b07f871a39b333819b9a986ac2dbb7f6fcb7a95e', lfs=None)\"", \""RepoSibling(rfilename='README.md', size=12100, blob_id='b62b56dcd97cf6f9e842039e1a9fcd7fa2127382', lfs=None)\"", \""RepoSibling(rfilename='SD3.5L_plus_SD3.5M_upscaling_example_workflow.json', size=20634, blob_id='8534e50bd2c6e1e4c1aa81edb643d822f2fbd8f8', lfs=None)\"", \""RepoSibling(rfilename='SD3.5M_SLG_example_workflow.json', size=16916, blob_id='3f54883add37c913e67a2700ab0f1ddcfbb14cf7', lfs=None)\"", \""RepoSibling(rfilename='SD3.5M_example_workflow.json', size=11982, blob_id='2d18d11f857505d6261c04fe071b57db8c78639a', lfs=None)\"", \""RepoSibling(rfilename='mmdit-x.png', size=345393, blob_id='09063c3533eaaf5f5506f9c2424c4e140c602d56', lfs=None)\"", \""RepoSibling(rfilename='model_index.json', size=706, blob_id='d1e85db2887d95ee9e0f6206771a4c52f9233e2f', lfs=None)\"", \""RepoSibling(rfilename='scheduler/scheduler_config.json', size=141, blob_id='eca5b2eed3727b3ad375eb20e467e4264120fd5d', lfs=None)\"", \""RepoSibling(rfilename='sd3.5_medium.safetensors', size=5107104286, blob_id='bf926d60b86e1ffc2cc233fd0608b69aa7bf863c', lfs=BlobLfsInfo(size=5107104286, sha256='11fe06e22364b823dfeedc275912336b932b32a293a0b2f35ffac071990cc4de', pointer_size=135))\"", \""RepoSibling(rfilename='sd3.5_medium_demo.jpg', size=488766, blob_id='648b48b7184ea279e088948e84339331f626d277', lfs=None)\"", \""RepoSibling(rfilename='text_encoder/config.json', size=574, blob_id='dbda34b6008657d7be7423051c47abd4c94e263a', lfs=None)\"", \""RepoSibling(rfilename='text_encoder/model.fp16.safetensors', size=247323896, blob_id='888b139f21181cd4ee4e93ce739ee63f26f2079c', lfs=BlobLfsInfo(size=247323896, sha256='71e183d11db0c6b6282a4d9e0abb74125edc8692393e89ed8ee5571005f35cb1', pointer_size=134))\"", \""RepoSibling(rfilename='text_encoder/model.safetensors', size=247323896, blob_id='888b139f21181cd4ee4e93ce739ee63f26f2079c', lfs=BlobLfsInfo(size=247323896, sha256='71e183d11db0c6b6282a4d9e0abb74125edc8692393e89ed8ee5571005f35cb1', pointer_size=134))\"", \""RepoSibling(rfilename='text_encoder_2/config.json', size=570, blob_id='35886d089e214b9e35db394d4d3d122a19baf231', lfs=None)\"", \""RepoSibling(rfilename='text_encoder_2/model.fp16.safetensors', size=1389382176, blob_id='1a41ba6f6d67ebaaea453978332a941d0bc5dae5', lfs=BlobLfsInfo(size=1389382176, sha256='ec310df2af79c318e24d20511b601a591ca8cd4f1fce1d8dff822a356bcdb1f4', pointer_size=135))\"", \""RepoSibling(rfilename='text_encoder_2/model.safetensors', size=1389382176, blob_id='1a41ba6f6d67ebaaea453978332a941d0bc5dae5', lfs=BlobLfsInfo(size=1389382176, sha256='ec310df2af79c318e24d20511b601a591ca8cd4f1fce1d8dff822a356bcdb1f4', pointer_size=135))\"", \""RepoSibling(rfilename='text_encoder_3/config.json', size=740, blob_id='5f020057278e664f8d4875a172b8266a9707c249', lfs=None)\"", \""RepoSibling(rfilename='text_encoder_3/model-00001-of-00002.safetensors', size=4994582104, blob_id='821fab5489700b2759adf6279e66ae49ce977d12', lfs=BlobLfsInfo(size=4994582104, sha256='4f2751ceeb2a96edd693e539dc5d6bba0b8d3814f49a9b3798403a0cec4b2e3d', pointer_size=135))\"", \""RepoSibling(rfilename='text_encoder_3/model-00002-of-00002.safetensors', size=4530066248, blob_id='6a80301dd8f107a40fd7727de44c95dee84f6a7b', lfs=BlobLfsInfo(size=4530066248, sha256='f63154532130422309532ff56f11945fbea8266c958e3133e8e5aef85c6293c7', pointer_size=135))\"", \""RepoSibling(rfilename='text_encoder_3/model.fp16-00001-of-00002.safetensors', size=4994582104, blob_id='821fab5489700b2759adf6279e66ae49ce977d12', lfs=BlobLfsInfo(size=4994582104, sha256='4f2751ceeb2a96edd693e539dc5d6bba0b8d3814f49a9b3798403a0cec4b2e3d', pointer_size=135))\"", \""RepoSibling(rfilename='text_encoder_3/model.fp16-00002-of-00002.safetensors', size=4530066248, blob_id='6a80301dd8f107a40fd7727de44c95dee84f6a7b', lfs=BlobLfsInfo(size=4530066248, sha256='f63154532130422309532ff56f11945fbea8266c958e3133e8e5aef85c6293c7', pointer_size=135))\"", \""RepoSibling(rfilename='text_encoder_3/model.safetensors.index.fp16.json', size=20980, blob_id='26fbacbb229da635a50237394681830c048fc371', lfs=None)\"", \""RepoSibling(rfilename='text_encoder_3/model.safetensors.index.json', size=19885, blob_id='c8728bc3dca59d2616a2a594cbac3ddb9eb77d5b', lfs=None)\"", \""RepoSibling(rfilename='text_encoders/README.md', size=636, blob_id='10361bb01afae01826203baa800da32c3cc2d2f2', lfs=None)\"", \""RepoSibling(rfilename='text_encoders/clip_g.safetensors', size=1389382176, blob_id='1a41ba6f6d67ebaaea453978332a941d0bc5dae5', lfs=BlobLfsInfo(size=1389382176, sha256='ec310df2af79c318e24d20511b601a591ca8cd4f1fce1d8dff822a356bcdb1f4', pointer_size=135))\"", \""RepoSibling(rfilename='text_encoders/clip_l.safetensors', size=246144152, blob_id='e224fcda070dc105fd83c64ed2074f47a1b0ff7b', lfs=BlobLfsInfo(size=246144152, sha256='660c6f5b1abae9dc498ac2d21e1347d2abdb0cf6c0c0c8576cd796491d9a6cdd', pointer_size=134))\"", \""RepoSibling(rfilename='text_encoders/t5xxl_fp16.safetensors', size=9787841024, blob_id='53df2732c884758d2a898585551df37ea652a416', lfs=BlobLfsInfo(size=9787841024, sha256='6e480b09fae049a72d2a8c5fbccb8d3e92febeb233bbe9dfe7256958a9167635', pointer_size=135))\"", \""RepoSibling(rfilename='text_encoders/t5xxl_fp8_e4m3fn.safetensors', size=4893934904, blob_id='79b9ebe64019308077904fa68ed6f707569121c0', lfs=BlobLfsInfo(size=4893934904, sha256='7d330da4816157540d6bb7838bf63a0f02f573fc48ca4d8de34bb0cbfd514f09', pointer_size=135))\"", \""RepoSibling(rfilename='tokenizer/merges.txt', size=524619, blob_id='76e821f1b6f0a9709293c3b6b51ed90980b3166b', lfs=None)\"", \""RepoSibling(rfilename='tokenizer/special_tokens_map.json', size=588, blob_id='cf0682d6de72c1547f41b4f6d7c59f62deffef94', lfs=None)\"", \""RepoSibling(rfilename='tokenizer/tokenizer_config.json', size=705, blob_id='180a4e1be2a7d0b38a44108d6f24f585f35147b1', lfs=None)\"", \""RepoSibling(rfilename='tokenizer/vocab.json', size=1059962, blob_id='469be27c5c010538f845f518c4f5e8574c78f7c8', lfs=None)\"", \""RepoSibling(rfilename='tokenizer_2/merges.txt', size=524619, blob_id='76e821f1b6f0a9709293c3b6b51ed90980b3166b', lfs=None)\"", \""RepoSibling(rfilename='tokenizer_2/special_tokens_map.json', size=576, blob_id='b3b93aa8e7fd8552501067e63e04e2958298c2b2', lfs=None)\"", \""RepoSibling(rfilename='tokenizer_2/tokenizer_config.json', size=856, blob_id='f4299b251265219ef1369503c04d837bd9528f0a', lfs=None)\"", \""RepoSibling(rfilename='tokenizer_2/vocab.json', size=1059962, blob_id='469be27c5c010538f845f518c4f5e8574c78f7c8', lfs=None)\"", \""RepoSibling(rfilename='tokenizer_3/special_tokens_map.json', size=2543, blob_id='17ade346a1042cbe0c1436f5bedcbd85c099d582', lfs=None)\"", \""RepoSibling(rfilename='tokenizer_3/spiece.model', size=791656, blob_id='317a5ccbde45300f5d1d970d4d449af2108b147e', lfs=BlobLfsInfo(size=791656, sha256='d60acb128cf7b7f2536e8f38a5b18a05535c9e14c7a355904270e15b0945ea86', pointer_size=131))\"", \""RepoSibling(rfilename='tokenizer_3/tokenizer.json', size=2424035, blob_id='6f055030106071d446e559644b285557a82fefd4', lfs=None)\"", \""RepoSibling(rfilename='tokenizer_3/tokenizer_config.json', size=20617, blob_id='15377e70a0e43e060a98bbc5cb6245664d906e6c', lfs=None)\"", \""RepoSibling(rfilename='transformer/config.json', size=524, blob_id='313f18cd3d297a5d77ceab073ef54dbec312c0f0', lfs=None)\"", \""RepoSibling(rfilename='transformer/diffusion_pytorch_model.safetensors', size=4939433672, blob_id='9164afbb3bc30c5de1a33f2c67ebde382c424b99', lfs=BlobLfsInfo(size=4939433672, sha256='f81eb93a348be218af757dd095cbda45090380d9bbda91049442e0e40bb4cc95', pointer_size=135))\"", \""RepoSibling(rfilename='vae/config.json', size=809, blob_id='059ae000f22d9c502030ead3c3f1db2718ae6f1f', lfs=None)\"", \""RepoSibling(rfilename='vae/diffusion_pytorch_model.safetensors', size=167666902, blob_id='cf3d571cdbab14706c8d77c1254244e9a4d021f3', lfs=BlobLfsInfo(size=167666902, sha256='8f53304a79335b55e13ec50f63e5157fee4deb2f30d5fae0654e2b2653c109dc', pointer_size=134))\""], \""spaces\"": [\""Manjushri/Manju-Dream-Booth-A10G\"", \""stabilityai/stable-diffusion-3.5-medium\"", \""multimodalart/civitai-to-hf\"", \""prs-eth/FLAIR\"", \""martynka/TasiaExperiment\"", \""HorizonRobotics/EmbodiedGen-Image-to-3D\"", \""HorizonRobotics/EmbodiedGen-Texture-Gen\"", \""HorizonRobotics/EmbodiedGen-Text-to-3D\"", \""Minorutanaka14052005/stabilityai-stable-diffusion-3.5-medium\"", \""spykee47/stabilityai-stable-diffusion-3.5-medium\"", \""makaronz/stabilityai-stable-diffusion-3.5-medium\"", \""Belluci/stabilityai-stable-diffusion-3.5-medium\"", \""zulteon/SD3.5Medium\"", \""hawkiee/stabilityai-stable-diffusion-3.5-medium\"", \""acceptee/DiT4SR\"", \""AbhinavKrishnan36/PRODIGY_GA_02\"", \""webbroker/stabilityai-stable-diffusion-3.5-medium\"", \""Ratkus/stabilityai-stable-diffusion-3.5-medium\"", \""FHCloud/stabilityai-stable-diffusion-3.5-medium\"", \""andrea70/stabilityai-stable-diffusion-3.5-medium\"", \""DrawingWithMouse/stabilityai-stable-diffusion-3.5-medium\"", \""GilburriCreations/stabilityai-stable-diffusion-3.5-medium\"", \""LLinDaiYu/stabilityai-stable-diffusion-3.5-medium\"", \""AymenKhlf/stabilityai-stable-diffusion-3.5-medium\"", \""mpandzo/sd35\"", \""jimbo7/stabilityai-stable-diffusion-3.5-medium\"", \""usalecwang/stabilityai-stable-diffusion-3.5-medium\"", \""innkeeper/stabilityai-stable-diffusion-3.5-medium\"", \""JagmeetMinhas22/image-generation\"", \""Kodiaky/stabilityai-stable-diffusion-3.5-medium\"", \""Taggatron/stabilityai-stable-diffusion-3.5-medium\"", \""karthik12345ttttt/stabilityai-stable-diffusion-3.5-medium\"", \""crystal99/stabilityai-stable-diffusion-3.5-medium\"", \""ajithkumarkdas/stabilityai-stable-diffusion-3.5-medium\"", \""rick003/stabilityai-stable-diffusion-3.5-medium\"", \""Trebah/stabilityai-stable-diffusion-3.5-medium\"", \""rocoder/stabilityai-stable-diffusion-3.5-medium\"", \""safwatt888/stabilityai-stable-diffusion-3.5-medium\"", \""Iceac/stabilityai-stable-diffusion-3.5-medium\"", \""Genmys0101x/stabilityai-stable-diffusion-3.5-medium\"", \""Ramybe01/stabilityai-stable-diffusion-3.5-medium\"", \""vaibhavwatea/stabilityai-stable-diffusion-3.5-medium\"", \""Direktx/stabilityai-stable-diffusion-3.5-medium\"", \""Aased/stabilityai-stable-diffusion-3.5-medium\"", \""QueerAgent/stabilityai-stable-diffusion-3.5-medium\"", \""Jebiet/stabilityai-stable-diffusion-3.5-medium\"", \""blind1234/stabilityai-stable-diffusion-3.5-medium\"", \""Jonny78/stabilityai-stable-diffusion-3.5-medium\"", \""jordandotzel/stable-diffusion-3.5-medium\"", \""kingNiven/stabilityai-stable-diffusion-3.5-medium\"", \""Philidoc/stabilityai-stable-diffusion-3.5-medium\"", \""stablewaheed/stabilityai-stable-diffusion-3.5-medium\"", \""Amedoss/stable-diffusion-3.5-medium\"", \""FelipePenagos20/stabilityai-stable-diffusion-3.5-medium\"", \""Qwerty6690/stabilityai-stable-diffusion-3.5-medium\"", \""xkittypunchx/stable-diffusion-3.5-medium\"", \""Darreck/stabilityai-stable-diffusion-3.5-medium\"", \""Realnotstory/stabilityai-stable-diffusion-3.5-medium\"", \""superbearart/stabilityai-stable-diffusion-3.5-medium\"", \""saliseabeali/stabilityai-stable-diffusion-3.5-medium\"", \""ppravin/stabilityai-stable-diffusion-3.5-medium\"", \""itzMRZ/stabilityai-stable-diffusion-3.5-medium\"", \""ramagon/stabilityai-stable-diffusion-3.5-medium\"", \""waswaswasd/stabilityai-stable-diffusion-3.5-medium\"", \""Sinoda55/stabilityai-stable-diffusion-3.5-medium\"", \""esqist/stabilityai-stable-diffusion-3.5-medium\"", \""whatcanisay674/stabilityai-stable-diffusion-3.5-medium\"", \""androidroot9/stabilityai-stable-diffusion-3.5-medium\"", \""Aniwine/stabilityai-stable-diffusion-3.5-medium\"", \""camwynjones/stabilityai-stable-diffusion-3.5-medium\"", \""Arsalan01/stabilityai-stable-diffusion-3.5-medium\"", \""didyouknowfacts1985/stabilityai-stable-diffusion-3.5-medium\"", \""shaikhy/stabilityai-stable-diffusion-3.5-medium\"", \""quan1998/stabilityai-stable-diffusion-3.5-large\"", \""wolf1997/Image_story_generator\"", \""willywiggerkillthat/stabilityai-stable-diffusion-3.5-medium\"", \""Kaz2Ja/stabilityai-stable-diffusion-3.5-medium\"", \""nshkrob/stabilityai-stable-diffusion-3.5-medium\"", \""rakkerman/stabilityai-stable-diffusion-3.5-medium\"", \""tim889/stabilityai-stable-diffusion-3.5-medium\"", \""phantomdeluxe/stabilityai-stable-diffusion-3.5-medium\"", \""nnwofwpw/jjcakaslc5ca62\"", \""gujiujiujiujiu/stabilityai-stable-diffusion-3.5-medium\"", \""SillyCat777/stabilityai-stable-diffusion-3.5-medium\"", \""yoourdad9999/stabilityai-stable-diffusion-3.5-medium\"", \""MaxGab/Maximage\"", \""tcl990203/stabilityai-stable-diffusion-3.5-medium\"", \""NativeAngels/TasiaExperiment\"", \""raj9305/stabilityai-stable-diffusion-3.5-medium\"", \""TroyDuh/stabilityai-stable-diffusion-3.5-medium\"", \""duddeepak001/stabilityai-stable-diffusion-3.5-medium\"", \""Hardey2911/stabilityai-stable-diffusion-3.5-medium\"", \""Appelflap1994/stabilityai-stable-diffusion-3.5-medium\"", \""zainjaved/stable-diffusion-3.5-large-turboX-image\"", \""CbenGG/stabilityai-stable-diffusion-3.5-medium\"", \""prateekshawebdesign/stabilityai-stable-diffusion-3.5-medium\"", \""zulteon/stable-diff-3.5-mediumv2\"", \""wangpangintsig/prembed_sd3.5\"", \""chrisjcc/image_generation\"", \""Borealhiperion/stabilityai-stable-diffusion-3.5-medium\""], \""safetensors\"": null, \""security_repo_status\"": null, \""xet_enabled\"": null, \""lastModified\"": \""2024-10-31 08:18:43+00:00\"", \""cardData\"": \""language:\\n- en\\nlicense: other\\nlicense_name: stabilityai-ai-community\\nlicense_link: LICENSE.md\\npipeline_tag: text-to-image\\ntags:\\n- text-to-image\\n- stable-diffusion\\n- diffusers\\ninference: true\\nextra_gated_prompt: By clicking \\\""Agree\\\"", you agree to the [License Agreement](https://huggingface.co/stabilityai/stable-diffusion-3.5-medium/blob/main/LICENSE.md)\\n  and acknowledge Stability AI's [Privacy Policy](https://stability.ai/privacy-policy).\\nextra_gated_fields:\\n  Name: text\\n  Email: text\\n  Country: country\\n  Organization or Affiliation: text\\n  Receive email updates and promotions on Stability AI products, services, and research?:\\n    type: select\\n    options:\\n    - 'Yes'\\n    - 'No'\\n  What do you intend to use the model for?:\\n    type: select\\n    options:\\n    - Research\\n    - Personal use\\n    - Creative Professional\\n    - Startup\\n    - Enterprise\\n  I agree to the License Agreement and acknowledge Stability AI's Privacy Policy: checkbox\"", \""transformersInfo\"": null, \""_id\"": \""6720b894dff5f1366969b16f\"", \""modelId\"": \""stabilityai/stable-diffusion-3.5-medium\"", \""usedStorage\"": 36305578304}"",""cover_image"":null,""submodels"":{""text_encoder"":{""path_or_prefix"":""/home/alex/Dev/AI/invokeai/models/tmpinstall_dg4j6deg/stable-diffusion-3.5-medium/text_encoder"",""model_type"":""clip_embed"",""variant"":""large""},""text_encoder_2"":{""path_or_prefix"":""/home/alex/Dev/AI/invokeai/models/tmpinstall_dg4j6deg/stable-diffusion-3.5-medium/text_encoder_2"",""model_type"":""clip_embed"",""variant"":""gigantic""},""text_encoder_3"":{""path_or_prefix"":""/home/alex/Dev/AI/invokeai/models/tmpinstall_dg4j6deg/stable-diffusion-3.5-medium/text_encoder_3"",""model_type"":""t5_encoder"",""variant"":null},""transformer"":{""path_or_prefix"":""/home/alex/Dev/AI/invokeai/models/tmpinstall_dg4j6deg/stable-diffusion-3.5-medium/transformer"",""model_type"":""main"",""variant"":null},""vae"":{""path_or_prefix"":""/home/alex/Dev/AI/invokeai/models/tmpinstall_dg4j6deg/stable-diffusion-3.5-medium/vae"",""model_type"":""vae"",""variant"":null}},""usage_info"":null,""trigger_phrases"":null,""default_settings"":null,""variant"":""normal"",""repo_variant"":""fp16""}","2025-08-03 01:12:12.012","2025-08-03 01:12:12.012",16274997061
"27e6792f-a889-426f-b97c-0cce7f662804","blake3:c66ac2adaacf94876afa852de96623461167b96e9db05354302ba2850461aca4","sd-3","main","sd-3/main/SD3.5-large","diffusers","SD3.5 Large","Large SD3.5 Model: ~19G",,"{""key"":""27e6792f-a889-426f-b97c-0cce7f662804"",""hash"":""blake3:c66ac2adaacf94876afa852de96623461167b96e9db05354302ba2850461aca4"",""path"":""sd-3/main/SD3.5-large"",""file_size"":27628357468,""name"":""SD3.5 Large"",""type"":""main"",""format"":""diffusers"",""base"":""sd-3"",""source"":""stabilityai/stable-diffusion-3.5-large"",""source_type"":""hf_repo_id"",""description"":""Large SD3.5 Model: ~19G"",""source_api_response"":""{\""id\"": \""stabilityai/stable-diffusion-3.5-large\"", \""author\"": \""stabilityai\"", \""sha\"": \""ceddf0a7fdf2064ea28e2213e3b84e4afa170a0f\"", \""last_modified\"": \""2024-10-22 14:36:33+00:00\"", \""created_at\"": \""2024-10-22 07:29:57+00:00\"", \""private\"": false, \""gated\"": \""auto\"", \""disabled\"": false, \""downloads\"": 104219, \""downloads_all_time\"": null, \""likes\"": 3033, \""library_name\"": \""diffusers\"", \""gguf\"": null, \""inference\"": null, \""inference_provider_mapping\"": null, \""tags\"": [\""diffusers\"", \""safetensors\"", \""text-to-image\"", \""stable-diffusion\"", \""en\"", \""arxiv:2403.03206\"", \""license:other\"", \""diffusers:StableDiffusion3Pipeline\"", \""region:us\""], \""pipeline_tag\"": \""text-to-image\"", \""mask_token\"": null, \""trending_score\"": null, \""card_data\"": \""language:\\n- en\\nlicense: other\\nlicense_name: stabilityai-ai-community\\nlicense_link: LICENSE.md\\npipeline_tag: text-to-image\\ntags:\\n- text-to-image\\n- stable-diffusion\\n- diffusers\\ninference: true\\nextra_gated_prompt: By clicking \\\""Agree\\\"", you agree to the [License Agreement](https://huggingface.co/stabilityai/stable-diffusion-3.5-large/blob/main/LICENSE.md)\\n  and acknowledge Stability AI's [Privacy Policy](https://stability.ai/privacy-policy).\\nextra_gated_fields:\\n  Name: text\\n  Email: text\\n  Country: country\\n  Organization or Affiliation: text\\n  Receive email updates and promotions on Stability AI products, services, and research?:\\n    type: select\\n    options:\\n    - 'Yes'\\n    - 'No'\\n  What do you intend to use the model for?:\\n    type: select\\n    options:\\n    - Research\\n    - Personal use\\n    - Creative Professional\\n    - Startup\\n    - Enterprise\\n  I agree to the License Agreement and acknowledge Stability AI's Privacy Policy: checkbox\"", \""widget_data\"": null, \""model_index\"": null, \""config\"": {\""diffusers\"": {\""_class_name\"": \""StableDiffusion3Pipeline\""}}, \""transformers_info\"": null, \""siblings\"": [\""RepoSibling(rfilename='.gitattributes', size=1576, blob_id='cdd8e48fec284706ec2507c582514d77d071a208', lfs=None)\"", \""RepoSibling(rfilename='LICENSE.md', size=11726, blob_id='b07f871a39b333819b9a986ac2dbb7f6fcb7a95e', lfs=None)\"", \""RepoSibling(rfilename='README.md', size=10473, blob_id='ea0639ef3cdc69145b6d9fba44f2e4cd969e6ab7', lfs=None)\"", \""RepoSibling(rfilename='SD3.5L_example_workflow.json', size=11575, blob_id='17e68c53db215c593cf1a508bef11596c0cd1c70', lfs=None)\"", \""RepoSibling(rfilename='mmdit.png', size=262061, blob_id='6b47baaaf4a0ae3867d00a833b7225d0ebceb61e', lfs=None)\"", \""RepoSibling(rfilename='model_index.json', size=706, blob_id='d1e85db2887d95ee9e0f6206771a4c52f9233e2f', lfs=None)\"", \""RepoSibling(rfilename='scheduler/scheduler_config.json', size=141, blob_id='eca5b2eed3727b3ad375eb20e467e4264120fd5d', lfs=None)\"", \""RepoSibling(rfilename='sd3.5_large.safetensors', size=16460379262, blob_id='091846749bd6a05347382e809ef9414f788e6909', lfs=BlobLfsInfo(size=16460379262, sha256='ffef7a279d9134626e6ce0d494fba84fc1c7e720b3c7df2d19a09dc3796d8f93', pointer_size=136))\"", \""RepoSibling(rfilename='sd3.5_large_demo.png', size=18080198, blob_id='7eba317fc91cc0b7188d27c58faf7c7c4f097c36', lfs=BlobLfsInfo(size=18080198, sha256='3017495f2b06abc8388bdcbe3c42a793c02e32afe0e95b1a414976688d4772cd', pointer_size=133))\"", \""RepoSibling(rfilename='text_encoder/config.json', size=574, blob_id='dbda34b6008657d7be7423051c47abd4c94e263a', lfs=None)\"", \""RepoSibling(rfilename='text_encoder/model.fp16.safetensors', size=247323896, blob_id='888b139f21181cd4ee4e93ce739ee63f26f2079c', lfs=BlobLfsInfo(size=247323896, sha256='71e183d11db0c6b6282a4d9e0abb74125edc8692393e89ed8ee5571005f35cb1', pointer_size=134))\"", \""RepoSibling(rfilename='text_encoder/model.safetensors', size=247323896, blob_id='888b139f21181cd4ee4e93ce739ee63f26f2079c', lfs=BlobLfsInfo(size=247323896, sha256='71e183d11db0c6b6282a4d9e0abb74125edc8692393e89ed8ee5571005f35cb1', pointer_size=134))\"", \""RepoSibling(rfilename='text_encoder_2/config.json', size=570, blob_id='35886d089e214b9e35db394d4d3d122a19baf231', lfs=None)\"", \""RepoSibling(rfilename='text_encoder_2/model.fp16.safetensors', size=1389382176, blob_id='1a41ba6f6d67ebaaea453978332a941d0bc5dae5', lfs=BlobLfsInfo(size=1389382176, sha256='ec310df2af79c318e24d20511b601a591ca8cd4f1fce1d8dff822a356bcdb1f4', pointer_size=135))\"", \""RepoSibling(rfilename='text_encoder_2/model.safetensors', size=1389382176, blob_id='1a41ba6f6d67ebaaea453978332a941d0bc5dae5', lfs=BlobLfsInfo(size=1389382176, sha256='ec310df2af79c318e24d20511b601a591ca8cd4f1fce1d8dff822a356bcdb1f4', pointer_size=135))\"", \""RepoSibling(rfilename='text_encoder_3/config.json', size=740, blob_id='5f020057278e664f8d4875a172b8266a9707c249', lfs=None)\"", \""RepoSibling(rfilename='text_encoder_3/model-00001-of-00002.safetensors', size=4994582104, blob_id='821fab5489700b2759adf6279e66ae49ce977d12', lfs=BlobLfsInfo(size=4994582104, sha256='4f2751ceeb2a96edd693e539dc5d6bba0b8d3814f49a9b3798403a0cec4b2e3d', pointer_size=135))\"", \""RepoSibling(rfilename='text_encoder_3/model-00002-of-00002.safetensors', size=4530066248, blob_id='6a80301dd8f107a40fd7727de44c95dee84f6a7b', lfs=BlobLfsInfo(size=4530066248, sha256='f63154532130422309532ff56f11945fbea8266c958e3133e8e5aef85c6293c7', pointer_size=135))\"", \""RepoSibling(rfilename='text_encoder_3/model.fp16-00001-of-00002.safetensors', size=4994582104, blob_id='821fab5489700b2759adf6279e66ae49ce977d12', lfs=BlobLfsInfo(size=4994582104, sha256='4f2751ceeb2a96edd693e539dc5d6bba0b8d3814f49a9b3798403a0cec4b2e3d', pointer_size=135))\"", \""RepoSibling(rfilename='text_encoder_3/model.fp16-00002-of-00002.safetensors', size=4530066248, blob_id='6a80301dd8f107a40fd7727de44c95dee84f6a7b', lfs=BlobLfsInfo(size=4530066248, sha256='f63154532130422309532ff56f11945fbea8266c958e3133e8e5aef85c6293c7', pointer_size=135))\"", \""RepoSibling(rfilename='text_encoder_3/model.safetensors.index.fp16.json', size=20980, blob_id='26fbacbb229da635a50237394681830c048fc371', lfs=None)\"", \""RepoSibling(rfilename='text_encoder_3/model.safetensors.index.json', size=19885, blob_id='c8728bc3dca59d2616a2a594cbac3ddb9eb77d5b', lfs=None)\"", \""RepoSibling(rfilename='text_encoders/README.md', size=636, blob_id='10361bb01afae01826203baa800da32c3cc2d2f2', lfs=None)\"", \""RepoSibling(rfilename='text_encoders/clip_g.safetensors', size=1389382176, blob_id='1a41ba6f6d67ebaaea453978332a941d0bc5dae5', lfs=BlobLfsInfo(size=1389382176, sha256='ec310df2af79c318e24d20511b601a591ca8cd4f1fce1d8dff822a356bcdb1f4', pointer_size=135))\"", \""RepoSibling(rfilename='text_encoders/clip_l.safetensors', size=246144152, blob_id='e224fcda070dc105fd83c64ed2074f47a1b0ff7b', lfs=BlobLfsInfo(size=246144152, sha256='660c6f5b1abae9dc498ac2d21e1347d2abdb0cf6c0c0c8576cd796491d9a6cdd', pointer_size=134))\"", \""RepoSibling(rfilename='text_encoders/t5xxl_fp16.safetensors', size=9787841024, blob_id='53df2732c884758d2a898585551df37ea652a416', lfs=BlobLfsInfo(size=9787841024, sha256='6e480b09fae049a72d2a8c5fbccb8d3e92febeb233bbe9dfe7256958a9167635', pointer_size=135))\"", \""RepoSibling(rfilename='text_encoders/t5xxl_fp8_e4m3fn.safetensors', size=4893934904, blob_id='79b9ebe64019308077904fa68ed6f707569121c0', lfs=BlobLfsInfo(size=4893934904, sha256='7d330da4816157540d6bb7838bf63a0f02f573fc48ca4d8de34bb0cbfd514f09', pointer_size=135))\"", \""RepoSibling(rfilename='tokenizer/merges.txt', size=524619, blob_id='76e821f1b6f0a9709293c3b6b51ed90980b3166b', lfs=None)\"", \""RepoSibling(rfilename='tokenizer/special_tokens_map.json', size=588, blob_id='cf0682d6de72c1547f41b4f6d7c59f62deffef94', lfs=None)\"", \""RepoSibling(rfilename='tokenizer/tokenizer_config.json', size=705, blob_id='180a4e1be2a7d0b38a44108d6f24f585f35147b1', lfs=None)\"", \""RepoSibling(rfilename='tokenizer/vocab.json', size=1059962, blob_id='469be27c5c010538f845f518c4f5e8574c78f7c8', lfs=None)\"", \""RepoSibling(rfilename='tokenizer_2/merges.txt', size=524619, blob_id='76e821f1b6f0a9709293c3b6b51ed90980b3166b', lfs=None)\"", \""RepoSibling(rfilename='tokenizer_2/special_tokens_map.json', size=576, blob_id='b3b93aa8e7fd8552501067e63e04e2958298c2b2', lfs=None)\"", \""RepoSibling(rfilename='tokenizer_2/tokenizer_config.json', size=856, blob_id='f4299b251265219ef1369503c04d837bd9528f0a', lfs=None)\"", \""RepoSibling(rfilename='tokenizer_2/vocab.json', size=1059962, blob_id='469be27c5c010538f845f518c4f5e8574c78f7c8', lfs=None)\"", \""RepoSibling(rfilename='tokenizer_3/special_tokens_map.json', size=2543, blob_id='17ade346a1042cbe0c1436f5bedcbd85c099d582', lfs=None)\"", \""RepoSibling(rfilename='tokenizer_3/spiece.model', size=791656, blob_id='317a5ccbde45300f5d1d970d4d449af2108b147e', lfs=BlobLfsInfo(size=791656, sha256='d60acb128cf7b7f2536e8f38a5b18a05535c9e14c7a355904270e15b0945ea86', pointer_size=131))\"", \""RepoSibling(rfilename='tokenizer_3/tokenizer.json', size=2424035, blob_id='6f055030106071d446e559644b285557a82fefd4', lfs=None)\"", \""RepoSibling(rfilename='tokenizer_3/tokenizer_config.json', size=20617, blob_id='15377e70a0e43e060a98bbc5cb6245664d906e6c', lfs=None)\"", \""RepoSibling(rfilename='transformer/config.json', size=397, blob_id='feda980c13a51d63beaa5074de3e03bbadb5b0ab', lfs=None)\"", \""RepoSibling(rfilename='transformer/diffusion_pytorch_model-00001-of-00002.safetensors', size=9985185992, blob_id='71694ba0f489cc10c394f94882bd9400955fe3a6', lfs=BlobLfsInfo(size=9985185992, sha256='8ec9c4af8093417fded1eec8638f313f5671c7dd0a17a3bf64807bee9954a3e0', pointer_size=135))\"", \""RepoSibling(rfilename='transformer/diffusion_pytorch_model-00002-of-00002.safetensors', size=6307519304, blob_id='29f0b9b8c06807b9c8b804a19f96aa9276c4e2ce', lfs=BlobLfsInfo(size=6307519304, sha256='a84bad7103aa22d8ddf6baafc7664868b1edcd316ca6dd9c7e1f667345bd99db', pointer_size=135))\"", \""RepoSibling(rfilename='transformer/diffusion_pytorch_model.safetensors.index.json', size=126867, blob_id='8b54a2ceceea4454cc015aa5f808cf31a179e75f', lfs=None)\"", \""RepoSibling(rfilename='vae/config.json', size=809, blob_id='059ae000f22d9c502030ead3c3f1db2718ae6f1f', lfs=None)\"", \""RepoSibling(rfilename='vae/diffusion_pytorch_model.safetensors', size=167666902, blob_id='cf3d571cdbab14706c8d77c1254244e9a4d021f3', lfs=BlobLfsInfo(size=167666902, sha256='8f53304a79335b55e13ec50f63e5157fee4deb2f30d5fae0654e2b2653c109dc', pointer_size=134))\""], \""spaces\"": [\""stabilityai/stable-diffusion-3.5-large\"", \""Nymbo/Serverless-ImgGen-Hub\"", \""Yntec/ToyWorld\"", \""NeurixYUFI/imggen\"", \""Yntec/PrintingPress\"", \""Nymbo/Compare-6\"", \""gokaygokay/SD3.5-with-Captioner\"", \""InstantX/SD35-IP-Adapter\"", \""multimodalart/civitai-to-hf\"", \""Nymbo/Stable-Diffusion-3.5-Large-Serverless\"", \""gokaygokay/SD3.5-Prompt-Generator\"", \""Yntec/blitz_diffusion\"", \""Novaciano/Flux_Lustly_AI_Uncensored_NSFW_V1\"", \""prs-eth/FLAIR\"", \""dbaranchuk/SwD-SD3.5-Large\"", \""weepiess2383/CFG-Zero-Star\"", \""alfredplpl/sd3-with-LLM\"", \""martynka/TasiaExperiment\"", \""PhelpsGG/stabilityai-stable-diffusion-3.5-large\"", \""AlekseyCalvin/Stabled_LoRAs_on_SD3.5_MERGED\"", \""Abinivesh/Multi-models-prompt-to-image-generation\"", \""MrDrmm/DiffFlu2\"", \""NativeAngels/Compare-6\"", \""arad1367/Stable_Diffusion_3.5_Large_Customized\"", \""HighFocusRecords/Stable-Diffusion-3.5-Large-ServerlessNYMBO\"", \""rahul7star/PusaV1\"", \""kaleidoskop-hug/PrintingPress\"", \""gwada/stabilityai-stable-diffusion-3.5-large\"", \""m3g4p0p/qr-code\"", \""MrDrmm/Gen2\"", \""theunseenones94/Flux_Lustly_AI_Uncensored_NSFW_V1\"", \""AthuKawaleLogituit/SD3.5-Large\"", \""SAITAN666/StableDiffusion35Large-Image-Models-Test-November-2024\"", \""NativeAngels/HuggingfaceDiffusion\"", \""sst12345/CoRe2\"", \""jbilcke-hf/ReCamMaster\"", \""Mr-Vicky-01/AI_Artist\"", \""vasilisklv/genai_story_creation_game\"", \""FradigmaDangerYT/stabilityai-stable-diffusion-3.5-large\"", \""RageshAntony/ragesh-stable-diffusion-3.5-large\"", \""alexeyGod/stable-diffusion-3.5-large\"", \""Parmist/strangerzonehf-Flux-Super-Realism-LoRA\"", \""jbilcke-hf/OmniAvatar\"", \""NativeAngels/ToyWorld\"", \""liruiw/hma\"", \""NativeAngels/Serverless-ImgGen-Hub\"", \""benjamin-paine/absynth-2.0\"", \""BarBar288/Chatbot\"", \""Abhik0069/stabilityai-stable-diffusion-3.5-large\"", \""phamngoctukts/assistant\"", \""zulteon/SD3.5Large\"", \""Vishalkarnik0891/stabilityai-stable-diffusion-3.5-large\"", \""awacke1/ImageMultiagentSystem\"", \""Jodaye33/stabilityai-stable-diffusion-3.5-large\"", \""zzhou292/stabilityai-stable-diffusion-3.5-large\"", \""MrDrmm/Self\"", \""MrDrmm/Gen\"", \""sanzydev/stabilityai-stable-diffusion-3.5-large\"", \""SrKatayama/stabilityai-stable-diffusion-3.5-large\"", \""mojitocup/realistic-xl\"", \""AlekseyCalvin/SD35soonrLoRAs\"", \""Nymbo/stable-diffusion-3.5-large\"", \""SalvaNanez/stabilityai-stable-diffusion-3.5-large\"", \""Meetop/stabilityai-stable-diffusion-3.5-large\"", \""THARUN9522/stabilityai-stable-diffusion-3.5-large\"", \""anthienlong/stable-diffusion-3.5-large\"", \""DanialKing1/stabilityai-stable-diffusion-3.5-large\"", \""ordlibrary/stabilityai-stable-diffusion-3.5-large\"", \""bgaap/stabilityai-stable-diffusion-3.5-large\"", \""thesab/Grape-Leaf-Disease-Synth-Generator\"", \""amos1088/test_gradio\"", \""SeePlay/stabilityai-stable-diffusion-3.5-large\"", \""Brian-A/text-to-image\"", \""sskoder/stabilityai-stable-diffusion-3.5-large\"", \""sunny333/textToImage\"", \""ivanusto/stable-diffusion-3.5-large\"", \""kaoqy/stabilityai-stable-diffusion-3.5-large\"", \""gengs/prithivMLmods-SD3.5-Large-Photorealistic-LoRA\"", \""loveitl/stabilityai-stable-diffusion-3.5-large\"", \""Surfparadise/stabilityai-stable-diffusion-3.5-large\"", \""NativeAngels/blitz_diffusion\"", \""NativeAngels/PrintingPress\"", \""Nymbo/Model-Status-Checker\"", \""Anonym26/TextToImages\"", \""FradigmaDangerYT/stabilityai-stable-diffusion-3.5-large-r\"", \""adamexe/stabilityai-stable-diffusion-3.5-large\"", \""FisheggAwaO/stabilityai-stable-diffusion-3.5-large\"", \""Apolloturner/stabilityai-stable-diffusion-3.5-large\"", \""MartsoBodziu1994/stabilityai-stable-diffusion-3.5-large\"", \""sargamon/stabilityai-stable-diffusion-3.5-large\"", \""GPUModelSpotlight/Analysis-Of-Image-Song-Video-Prompts\"", \""NativeAngels/Stable-Diffusion-3.5-Large-Serverless\"", \""faizaledrus/stabilityai-stable-diffusion-3.5-large\"", \""WangHe/stabilityai-stable-diffusion-3.5-large\"", \""lasheerah/stabilityai-stable-diffusion-3.5-large\"", \""dehua68/ToyWorld\"", \""crazyhite001/imggen\"", \""Unity-Unix/stabilityai-stable-diffusion-3.5-large\"", \""Rente3/stabilityai-stable-diffusion-3.5-large\"", \""EliteGamerCJ/EGCJIMAGEGEN\""], \""safetensors\"": null, \""security_repo_status\"": null, \""xet_enabled\"": null, \""lastModified\"": \""2024-10-22 14:36:33+00:00\"", \""cardData\"": \""language:\\n- en\\nlicense: other\\nlicense_name: stabilityai-ai-community\\nlicense_link: LICENSE.md\\npipeline_tag: text-to-image\\ntags:\\n- text-to-image\\n- stable-diffusion\\n- diffusers\\ninference: true\\nextra_gated_prompt: By clicking \\\""Agree\\\"", you agree to the [License Agreement](https://huggingface.co/stabilityai/stable-diffusion-3.5-large/blob/main/LICENSE.md)\\n  and acknowledge Stability AI's [Privacy Policy](https://stability.ai/privacy-policy).\\nextra_gated_fields:\\n  Name: text\\n  Email: text\\n  Country: country\\n  Organization or Affiliation: text\\n  Receive email updates and promotions on Stability AI products, services, and research?:\\n    type: select\\n    options:\\n    - 'Yes'\\n    - 'No'\\n  What do you intend to use the model for?:\\n    type: select\\n    options:\\n    - Research\\n    - Personal use\\n    - Creative Professional\\n    - Startup\\n    - Enterprise\\n  I agree to the License Agreement and acknowledge Stability AI's Privacy Policy: checkbox\"", \""transformersInfo\"": null, \""_id\"": \""67175475ab870480b86e7caa\"", \""modelId\"": \""stabilityai/stable-diffusion-3.5-large\"", \""usedStorage\"": 75493590524}"",""cover_image"":null,""submodels"":{""text_encoder"":{""path_or_prefix"":""/home/alex/Dev/AI/invokeai/models/tmpinstall_sivmdtus/stable-diffusion-3.5-large/text_encoder"",""model_type"":""clip_embed"",""variant"":""large""},""text_encoder_2"":{""path_or_prefix"":""/home/alex/Dev/AI/invokeai/models/tmpinstall_sivmdtus/stable-diffusion-3.5-large/text_encoder_2"",""model_type"":""clip_embed"",""variant"":""gigantic""},""text_encoder_3"":{""path_or_prefix"":""/home/alex/Dev/AI/invokeai/models/tmpinstall_sivmdtus/stable-diffusion-3.5-large/text_encoder_3"",""model_type"":""t5_encoder"",""variant"":null},""transformer"":{""path_or_prefix"":""/home/alex/Dev/AI/invokeai/models/tmpinstall_sivmdtus/stable-diffusion-3.5-large/transformer"",""model_type"":""main"",""variant"":null},""vae"":{""path_or_prefix"":""/home/alex/Dev/AI/invokeai/models/tmpinstall_sivmdtus/stable-diffusion-3.5-large/vae"",""model_type"":""vae"",""variant"":null}},""usage_info"":null,""trigger_phrases"":null,""default_settings"":null,""variant"":""normal"",""repo_variant"":""fp16""}","2025-08-03 01:13:37.787","2025-08-03 01:13:37.787",27628357468
"dcf46a41-6449-415a-b322-3653b2d6b42f","blake3:1f500a206b3b305723705d2c11800e8d0d6f1cdae637764ea9812a83f00e0ba5","sdxl","main","sdxl/main/Juggernaut XL v9","diffusers","Juggernaut XL v9","Photograph-focused model.",,"{""key"":""dcf46a41-6449-415a-b322-3653b2d6b42f"",""hash"":""blake3:1f500a206b3b305723705d2c11800e8d0d6f1cdae637764ea9812a83f00e0ba5"",""path"":""sdxl/main/Juggernaut XL v9"",""file_size"":6941216563,""name"":""Juggernaut XL v9"",""type"":""main"",""format"":""diffusers"",""base"":""sdxl"",""source"":""RunDiffusion/Juggernaut-XL-v9"",""source_type"":""hf_repo_id"",""description"":""Photograph-focused model."",""source_api_response"":""{\""id\"": \""RunDiffusion/Juggernaut-XL-v9\"", \""author\"": \""RunDiffusion\"", \""sha\"": \""b2d4ff8089889ad0a63a2f93a14e2cf6059bfdbb\"", \""last_modified\"": \""2024-12-11 19:56:01+00:00\"", \""created_at\"": \""2024-02-18 21:05:03+00:00\"", \""private\"": false, \""gated\"": false, \""disabled\"": false, \""downloads\"": 107443, \""downloads_all_time\"": null, \""likes\"": 229, \""library_name\"": \""diffusers\"", \""gguf\"": null, \""inference\"": null, \""inference_provider_mapping\"": null, \""tags\"": [\""diffusers\"", \""art\"", \""people\"", \""diffusion\"", \""Cinematic\"", \""Photography\"", \""Landscape\"", \""Interior\"", \""Food\"", \""Car\"", \""Wildlife\"", \""Architecture\"", \""text-to-image\"", \""en\"", \""base_model:stabilityai/stable-diffusion-xl-base-1.0\"", \""base_model:finetune:stabilityai/stable-diffusion-xl-base-1.0\"", \""license:creativeml-openrail-m\"", \""autotrain_compatible\"", \""endpoints_compatible\"", \""diffusers:StableDiffusionXLPipeline\"", \""region:us\""], \""pipeline_tag\"": \""text-to-image\"", \""mask_token\"": null, \""trending_score\"": null, \""card_data\"": \""base_model: stabilityai/stable-diffusion-xl-base-1.0\\nlanguage:\\n- en\\nlibrary_name: diffusers\\nlicense: creativeml-openrail-m\\npipeline_tag: text-to-image\\ntags:\\n- art\\n- people\\n- diffusion\\n- Cinematic\\n- Photography\\n- Landscape\\n- Interior\\n- Food\\n- Car\\n- Wildlife\\n- Architecture\\nthumbnail: https://imagedelivery.net/siANnpeNAc_S2q1M3-eDrA/c200a026-c151-49c7-afbc-241fe943b300/padthumb\"", \""widget_data\"": null, \""model_index\"": null, \""config\"": {\""diffusers\"": {\""_class_name\"": \""StableDiffusionXLPipeline\""}}, \""transformers_info\"": null, \""siblings\"": [\""RepoSibling(rfilename='.gitattributes', size=1519, blob_id='a6344aac8c09253b3b630fb776ae94478aa0275b', lfs=None)\"", \""RepoSibling(rfilename='Juggernaut-XL_v9_RunDiffusionPhoto_v2.safetensors', size=7105348188, blob_id='df4aaa506dd1db0d07783c2e36bf1c2bb2ac6194', lfs=BlobLfsInfo(size=7105348188, sha256='c9e3e68f89b8e38689e1097d4be4573cf308de4e3fd044c64ca697bdb4aa8bca', pointer_size=135))\"", \""RepoSibling(rfilename='README.md', size=4580, blob_id='ffc7550e0512b2447739a64b338edf358a0bd6b6', lfs=None)\"", \""RepoSibling(rfilename='model_index.json', size=667, blob_id='b9f3d02258e5e525ad2762cc4a7a3ff0dc68f9e7', lfs=None)\"", \""RepoSibling(rfilename='scheduler/scheduler_config.json', size=496, blob_id='314728caf3bf70369105692a562b4eb0695cd4ec', lfs=None)\"", \""RepoSibling(rfilename='text_encoder/config.json', size=565, blob_id='ee080c71f6e52e8c865f0ce11545603ffc96378c', lfs=None)\"", \""RepoSibling(rfilename='text_encoder/model.fp16.safetensors', size=246144152, blob_id='956c3f72316fb26686e50c900568ed5661a3a5ee', lfs=BlobLfsInfo(size=246144152, sha256='698656aa4f452e1f8f38287240054a9b8d339b3051ec17d77d63bdb5605db01a', pointer_size=134))\"", \""RepoSibling(rfilename='text_encoder_2/config.json', size=575, blob_id='c37f01f079566bc3fcec2f39e4ac5daa444840ab', lfs=None)\"", \""RepoSibling(rfilename='text_encoder_2/model.fp16.safetensors', size=1389382176, blob_id='a79b58475f9864adbb2e2cc75c38c35d21ff1d25', lfs=BlobLfsInfo(size=1389382176, sha256='9962c194f50a9c580ebe573f2a4756d76dcd29abe15bffb0a5905509eb6a8dda', pointer_size=135))\"", \""RepoSibling(rfilename='tokenizer/merges.txt', size=524619, blob_id='76e821f1b6f0a9709293c3b6b51ed90980b3166b', lfs=None)\"", \""RepoSibling(rfilename='tokenizer/special_tokens_map.json', size=588, blob_id='cf0682d6de72c1547f41b4f6d7c59f62deffef94', lfs=None)\"", \""RepoSibling(rfilename='tokenizer/tokenizer_config.json', size=705, blob_id='180a4e1be2a7d0b38a44108d6f24f585f35147b1', lfs=None)\"", \""RepoSibling(rfilename='tokenizer/vocab.json', size=1059962, blob_id='469be27c5c010538f845f518c4f5e8574c78f7c8', lfs=None)\"", \""RepoSibling(rfilename='tokenizer_2/merges.txt', size=524619, blob_id='76e821f1b6f0a9709293c3b6b51ed90980b3166b', lfs=None)\"", \""RepoSibling(rfilename='tokenizer_2/special_tokens_map.json', size=462, blob_id='97c049e4778fa8675a5a836ee0c6b1d808ee2edf', lfs=None)\"", \""RepoSibling(rfilename='tokenizer_2/tokenizer_config.json', size=856, blob_id='f4299b251265219ef1369503c04d837bd9528f0a', lfs=None)\"", \""RepoSibling(rfilename='tokenizer_2/vocab.json', size=1059962, blob_id='469be27c5c010538f845f518c4f5e8574c78f7c8', lfs=None)\"", \""RepoSibling(rfilename='unet/config.json', size=1778, blob_id='cee677f4253b72ed8ac7b6380f087fd08cf733ea', lfs=None)\"", \""RepoSibling(rfilename='unet/diffusion_pytorch_model.fp16.safetensors', size=5135149760, blob_id='1a1ad8e1bfeade7231de6f249c41469d4a0a09fa', lfs=BlobLfsInfo(size=5135149760, sha256='cf1ee18eb36712683f50c1e674634875e2adf7413d7492d5f9aa7e69e1a8c17a', pointer_size=135))\"", \""RepoSibling(rfilename='vae/config.json', size=607, blob_id='5f217e408a879cda4d71ab25f8a27d41b49c7db7', lfs=None)\"", \""RepoSibling(rfilename='vae/diffusion_pytorch_model.fp16.safetensors', size=167335342, blob_id='c4663db966f401ce4f88d6b895023bf966ed6f92', lfs=BlobLfsInfo(size=167335342, sha256='6353737672c94b96174cb590f711eac6edf2fcce5b6e91aa9d73c5adc589ee48', pointer_size=134))\""], \""spaces\"": [\""SakanaAI/EvoSDXL-JP\"", \""ChenoAi/JuggernautXL-Playground\"", \""SakanaAI/Evo-Ukiyoe\"", \""SakanaAI/Evo-Nishikie\"", \""andyaii/Images\"", \""smartfeed/image2image\"", \""RSPMetaAdmin/WebUIwControlNetwXL_Group1\"", \""RSPMetaAdmin/WebUIwControlNetwXL_Group2\"", \""qyoo/AID-v2\"", \""tsqn/PhotoMaker-V2\"", \""tianaco/tianacomakethedot\"", \""cbensimon/Evo-Ukiyoe\"", \""TheAIBoi/ImageGen\"", \""ebonyo/TTIforSLA\"", \""iniapi/Images\"", \""farah6/RunDiffusion-Juggernaut-XL-v9\"", \""doublelotus/colorsteven\"", \""sukma13/RunDiffusion-Juggernaut-XL-v9\"", \""henryas/storydiffusion\"", \""sanjayxm/PuLiD-Flux\"", \""FriedMain321/Juggernaut-XL-v9-Sandbox-V1\"", \""jmartins94/TestRunDiffusion-Juggernaut-XL-v9\"", \""jmartins94/RunDiffusion-Juggernaut-XL-v9\"", \""qvila/JuggernautXL-Playground\"", \""FlexTheAi/Flexstorydiff\"", \""Raviii98/RunDiffusion-Juggernaut-XL-v9\"", \""mberke11/story\"", \""mberke11/content\"", \""jasoncharles/StoryDiffusion\"", \""Hello007007/RunDiffusion-Juggernaut-XL-v9\"", \""charismao/RunDiffusion-Juggernaut-XL-v9\"", \""benskibenski/JingleSharkStories\"", \""cocktailpeanut/EvoSDXL-JP\"", \""Adx13/v9_RDOhoto_Lightning_V1_BETA\""], \""safetensors\"": null, \""security_repo_status\"": null, \""xet_enabled\"": null, \""lastModified\"": \""2024-12-11 19:56:01+00:00\"", \""cardData\"": \""base_model: stabilityai/stable-diffusion-xl-base-1.0\\nlanguage:\\n- en\\nlibrary_name: diffusers\\nlicense: creativeml-openrail-m\\npipeline_tag: text-to-image\\ntags:\\n- art\\n- people\\n- diffusion\\n- Cinematic\\n- Photography\\n- Landscape\\n- Interior\\n- Food\\n- Car\\n- Wildlife\\n- Architecture\\nthumbnail: https://imagedelivery.net/siANnpeNAc_S2q1M3-eDrA/c200a026-c151-49c7-afbc-241fe943b300/padthumb\"", \""transformersInfo\"": null, \""_id\"": \""65d270fff2da55d0a81123b7\"", \""modelId\"": \""RunDiffusion/Juggernaut-XL-v9\"", \""usedStorage\"": 27919048054}"",""cover_image"":null,""submodels"":null,""usage_info"":null,""trigger_phrases"":null,""default_settings"":{""vae"":null,""vae_precision"":null,""scheduler"":null,""steps"":null,""cfg_scale"":null,""cfg_rescale_multiplier"":null,""width"":1024,""height"":1024,""guidance"":null},""variant"":""normal"",""repo_variant"":""fp16""}","2025-07-18 01:21:08.262","2025-07-18 01:21:08.262",6941216563
"f6c3959d-9904-4057-bc05-b73267d59fca","blake3:d279309ea6e5ee6e8fd52504275865cc280dac71cbf528c5b07c98b888bddaba","sdxl","main","sdxl/main/Dreamshaper XL v2 Turbo","diffusers","Dreamshaper XL v2 Turbo","For turbo, use CFG Scale 2, 4-8 steps, DPM++ SDE Karras. For non-turbo, use CFG Scale 6, 20-40 steps, DPM++ 2M SDE Karras.",,"{""key"":""f6c3959d-9904-4057-bc05-b73267d59fca"",""hash"":""blake3:d279309ea6e5ee6e8fd52504275865cc280dac71cbf528c5b07c98b888bddaba"",""path"":""sdxl/main/Dreamshaper XL v2 Turbo"",""file_size"":6941216609,""name"":""Dreamshaper XL v2 Turbo"",""type"":""main"",""format"":""diffusers"",""base"":""sdxl"",""source"":""Lykon/dreamshaper-xl-v2-turbo"",""source_type"":""hf_repo_id"",""description"":""For turbo, use CFG Scale 2, 4-8 steps, DPM++ SDE Karras. For non-turbo, use CFG Scale 6, 20-40 steps, DPM++ 2M SDE Karras."",""source_api_response"":""{\""id\"": \""Lykon/dreamshaper-xl-v2-turbo\"", \""author\"": \""Lykon\"", \""sha\"": \""f70ad5bce436c640d23fc02cd0a6ccc787280b6e\"", \""last_modified\"": \""2024-02-19 18:06:49+00:00\"", \""created_at\"": \""2024-02-07 20:27:57+00:00\"", \""private\"": false, \""gated\"": false, \""disabled\"": false, \""downloads\"": 19835, \""downloads_all_time\"": null, \""likes\"": 64, \""library_name\"": \""diffusers\"", \""gguf\"": null, \""inference\"": null, \""inference_provider_mapping\"": null, \""tags\"": [\""diffusers\"", \""safetensors\"", \""stable-diffusion\"", \""stable-diffusion-diffusers\"", \""stable-diffusion-xl\"", \""stable-diffusion-xl-turbo\"", \""text-to-image\"", \""art\"", \""artistic\"", \""anime\"", \""dreamshaper\"", \""turbo\"", \""lcm\"", \""en\"", \""license:openrail++\"", \""autotrain_compatible\"", \""endpoints_compatible\"", \""diffusers:StableDiffusionXLPipeline\"", \""region:us\""], \""pipeline_tag\"": \""text-to-image\"", \""mask_token\"": null, \""trending_score\"": null, \""card_data\"": \""language:\\n- en\\nlicense: openrail++\\ntags:\\n- stable-diffusion\\n- stable-diffusion-diffusers\\n- stable-diffusion-xl\\n- stable-diffusion-xl-turbo\\n- text-to-image\\n- art\\n- artistic\\n- diffusers\\n- anime\\n- dreamshaper\\n- turbo\\n- lcm\\nduplicated_from: lykon/dreamshaper-xl-v2-turbo\"", \""widget_data\"": null, \""model_index\"": null, \""config\"": {\""diffusers\"": {\""_class_name\"": \""StableDiffusionXLPipeline\""}}, \""transformers_info\"": null, \""siblings\"": [\""RepoSibling(rfilename='.gitattributes', size=1519, blob_id='a6344aac8c09253b3b630fb776ae94478aa0275b', lfs=None)\"", \""RepoSibling(rfilename='DreamShaperXL_Turbo_V2-SFW.safetensors', size=6939220250, blob_id='93faa000feea1211d14d36df2deeae2da55e1961', lfs=BlobLfsInfo(size=6939220250, sha256='6e718af03dcb651250ec8911554c4df8472a6d7027bcb3678a206c1170cc94fc', pointer_size=135))\"", \""RepoSibling(rfilename='DreamShaperXL_Turbo_v2.safetensors', size=6939220250, blob_id='ac13fedf20c2774a4e8856ac09977fce1dbb6aa6', lfs=BlobLfsInfo(size=6939220250, sha256='4726d3bab1876f5c23734c871c47901fde305115e15fbfa3f33354ac45b11c67', pointer_size=135))\"", \""RepoSibling(rfilename='DreamShaperXL_Turbo_v2_1.safetensors', size=6939220250, blob_id='5e213368ec64924b66f2bcbeb3dcc6c24770e5e7', lfs=BlobLfsInfo(size=6939220250, sha256='4496b36d48bfd7cfe4e5dbce3485db567bcefa2bef7238d290dbd45612125083', pointer_size=135))\"", \""RepoSibling(rfilename='README.md', size=1535, blob_id='b7e417b55ca49ed4796e5b1b9c9ae7fda06937da', lfs=None)\"", \""RepoSibling(rfilename='model_index.json', size=671, blob_id='c4971ec3f753cbdc0dcf0021d8f29bc84ba0ea7f', lfs=None)\"", \""RepoSibling(rfilename='scheduler/scheduler_config.json', size=558, blob_id='fc79d9b7d87cc4422536aa872b855f2341001d15', lfs=None)\"", \""RepoSibling(rfilename='text_encoder/config.json', size=560, blob_id='5e5371d776ace0d73c7d9502d12b050cf32f5988', lfs=None)\"", \""RepoSibling(rfilename='text_encoder/model.fp16.safetensors', size=246144152, blob_id='079933bc3718e59dc5ab1bfb47b8ec274baae1f5', lfs=BlobLfsInfo(size=246144152, sha256='3dea4e3e892df8d0d41540f7bacfdec4d5c978d1aaf2375f0a56d41d814a640f', pointer_size=134))\"", \""RepoSibling(rfilename='text_encoder/model.safetensors', size=492265168, blob_id='b9ddb69947309e8c7675eee32f4235110a7cd82d', lfs=BlobLfsInfo(size=492265168, sha256='b228224841aae8307e93b49b58ef42451d9be2b1b1883dc2b6caba64ce9aa499', pointer_size=134))\"", \""RepoSibling(rfilename='text_encoder_2/config.json', size=570, blob_id='5429d7a70b8b88e8c8e4806afac10427ab88127f', lfs=None)\"", \""RepoSibling(rfilename='text_encoder_2/model.fp16.safetensors', size=1389382176, blob_id='800fda6abe2d92fdcab978dc0e3a7bfb32b752f6', lfs=BlobLfsInfo(size=1389382176, sha256='30b466dbbac35c5c63d0fc1893c17433f0d367886c1081d4a699ce728ed013af', pointer_size=135))\"", \""RepoSibling(rfilename='text_encoder_2/model.safetensors', size=2778702264, blob_id='0df56b180de04934cf719d2b7e9fc8c081b44638', lfs=BlobLfsInfo(size=2778702264, sha256='f8fa6edb5d2ab515a166410aeeb3d0d6517ba488d5aee10fe1b90ea45356e8e7', pointer_size=135))\"", \""RepoSibling(rfilename='tokenizer/merges.txt', size=524619, blob_id='76e821f1b6f0a9709293c3b6b51ed90980b3166b', lfs=None)\"", \""RepoSibling(rfilename='tokenizer/special_tokens_map.json', size=588, blob_id='cf0682d6de72c1547f41b4f6d7c59f62deffef94', lfs=None)\"", \""RepoSibling(rfilename='tokenizer/tokenizer_config.json', size=705, blob_id='180a4e1be2a7d0b38a44108d6f24f585f35147b1', lfs=None)\"", \""RepoSibling(rfilename='tokenizer/vocab.json', size=1059962, blob_id='469be27c5c010538f845f518c4f5e8574c78f7c8', lfs=None)\"", \""RepoSibling(rfilename='tokenizer_2/merges.txt', size=524619, blob_id='76e821f1b6f0a9709293c3b6b51ed90980b3166b', lfs=None)\"", \""RepoSibling(rfilename='tokenizer_2/special_tokens_map.json', size=462, blob_id='97c049e4778fa8675a5a836ee0c6b1d808ee2edf', lfs=None)\"", \""RepoSibling(rfilename='tokenizer_2/tokenizer_config.json', size=856, blob_id='f4299b251265219ef1369503c04d837bd9528f0a', lfs=None)\"", \""RepoSibling(rfilename='tokenizer_2/vocab.json', size=1059962, blob_id='469be27c5c010538f845f518c4f5e8574c78f7c8', lfs=None)\"", \""RepoSibling(rfilename='unet/config.json', size=1773, blob_id='ae0e13ab9e256164d01be6cadae046b03a3e1a07', lfs=None)\"", \""RepoSibling(rfilename='unet/diffusion_pytorch_model.fp16.safetensors', size=5135149760, blob_id='399bc38afbd1cdfe7ba5a3d613e990fabb8dece5', lfs=BlobLfsInfo(size=5135149760, sha256='c1217e273e6fd7570c2ae9d38172323ff0b6f8ac7f2000b3ba99d4851906ee1e', pointer_size=135))\"", \""RepoSibling(rfilename='unet/diffusion_pytorch_model.safetensors', size=10270077736, blob_id='f831a1ecc415ff82906d0dff363d9bf50301da0c', lfs=BlobLfsInfo(size=10270077736, sha256='cb568ca3ca7e2590291a70ac317c3859d9011dccf1313659ded3d1134349ab43', pointer_size=136))\"", \""RepoSibling(rfilename='vae/config.json', size=602, blob_id='e9b208cce788aac2a8b78350d8273d8f76157de4', lfs=None)\"", \""RepoSibling(rfilename='vae/diffusion_pytorch_model.fp16.safetensors', size=167335342, blob_id='4316525c45fb7c1108d2c825efc84eb81483477f', lfs=BlobLfsInfo(size=167335342, sha256='5ebe0b826867138fc37d4474983ef0b487cef39d8f3cd84228f3b5c5aba241d4', pointer_size=134))\"", \""RepoSibling(rfilename='vae/diffusion_pytorch_model.safetensors', size=334643268, blob_id='f92802370139fb3f35e5dccf2aa43a59deb895eb', lfs=BlobLfsInfo(size=334643268, sha256='4e75c862029ca1d27e695de534a3f27aaf369db6cb7c915fec271260eb4f458a', pointer_size=134))\""], \""spaces\"": [\""Nymbo/image_gen_supaqueue\"", \""Kvikontent/open-text2image-leaderboard\"", \""khawir/cg-gen-ai\"", \""yogeshbhutkar/Lykon-dreamshaper-xl-v2-turbo\"", \""RrajHug121/Lykon-dreamshaper-xl-v2-turbo\"", \""pyo8777/Lykon-dreamshaper-xl-v2-turbo\"", \""smartfeed/turbo_fm\"", \""anshg07/t2i\"", \""awsomesunoai/Lykon-dreamshaper-xl-v2-turbo\"", \""K00B404/image_gen_supaqueue_game_assets\"", \""charliebaby2023/Fast_Stable_diffusion_CPU\""], \""safetensors\"": null, \""security_repo_status\"": null, \""xet_enabled\"": null, \""lastModified\"": \""2024-02-19 18:06:49+00:00\"", \""cardData\"": \""language:\\n- en\\nlicense: openrail++\\ntags:\\n- stable-diffusion\\n- stable-diffusion-diffusers\\n- stable-diffusion-xl\\n- stable-diffusion-xl-turbo\\n- text-to-image\\n- art\\n- artistic\\n- diffusers\\n- anime\\n- dreamshaper\\n- turbo\\n- lcm\\nduplicated_from: lykon/dreamshaper-xl-v2-turbo\"", \""transformersInfo\"": null, \""_id\"": \""65c3e7cdb08720ad34e462ad\"", \""modelId\"": \""Lykon/dreamshaper-xl-v2-turbo\"", \""usedStorage\"": 57036588112}"",""cover_image"":null,""submodels"":null,""usage_info"":null,""trigger_phrases"":null,""default_settings"":{""vae"":null,""vae_precision"":null,""scheduler"":null,""steps"":null,""cfg_scale"":null,""cfg_rescale_multiplier"":null,""width"":1024,""height"":1024,""guidance"":null},""variant"":""normal"",""repo_variant"":""fp16""}","2025-07-18 02:14:54.437","2025-07-18 02:14:54.437",6941216609
"d5c6f3cf-e891-4622-8ae2-c81bc55b5fa5","blake3:e9e2e5f1dc0ab7fbd7776415bfc2e434c4663119454f5af35830519eba6daa38","sdxl","main","sdxl/main/GhostXL-v1.0-BakedVAE.safetensors","checkpoint","GhostXL-v1.0-BakedVAE","sdxl main model GhostXL-v1.0-BakedVAE",,"{""key"":""d5c6f3cf-e891-4622-8ae2-c81bc55b5fa5"",""hash"":""blake3:e9e2e5f1dc0ab7fbd7776415bfc2e434c4663119454f5af35830519eba6daa38"",""path"":""sdxl/main/GhostXL-v1.0-BakedVAE.safetensors"",""file_size"":7105349064,""name"":""GhostXL-v1.0-BakedVAE"",""type"":""main"",""format"":""checkpoint"",""base"":""sdxl"",""source"":""/home/alex/Dev/AI/models/checkpoints/GhostXL-v1.0-BakedVAE.safetensors"",""source_type"":""path"",""description"":""sdxl main model GhostXL-v1.0-BakedVAE"",""source_api_response"":null,""cover_image"":null,""submodels"":null,""usage_info"":null,""trigger_phrases"":null,""default_settings"":{""vae"":null,""vae_precision"":null,""scheduler"":null,""steps"":null,""cfg_scale"":null,""cfg_rescale_multiplier"":null,""width"":1024,""height"":1024,""guidance"":null},""variant"":""normal"",""config_path"":""stable-diffusion/sd_xl_base.yaml"",""converted_at"":1752889681.0876753,""prediction_type"":""epsilon"",""upcast_attention"":false}","2025-07-19 01:48:03.791","2025-07-19 01:48:03.791",7105349064
"a8b63ff6-3f08-401c-a0e2-760b86c71697","blake3:ef3a6dd9c8a71e07d77ce8e84780524357e629ee8750eb3018aed648d4c803f1","sdxl","main","sdxl/main/IL - XL v1.safetensors","checkpoint","Illustrious XL v1","sdxl main model IL - XL v1",,"{""key"":""a8b63ff6-3f08-401c-a0e2-760b86c71697"",""hash"":""blake3:ef3a6dd9c8a71e07d77ce8e84780524357e629ee8750eb3018aed648d4c803f1"",""path"":""sdxl/main/IL - XL v1.safetensors"",""file_size"":6938040760,""name"":""Illustrious XL v1"",""type"":""main"",""format"":""checkpoint"",""base"":""sdxl"",""source"":""/home/alex/Downloads/IL - XL v1.safetensors"",""source_type"":""path"",""description"":""sdxl main model IL - XL v1"",""source_api_response"":null,""cover_image"":null,""submodels"":null,""usage_info"":null,""trigger_phrases"":null,""default_settings"":{""vae"":null,""vae_precision"":null,""scheduler"":null,""steps"":null,""cfg_scale"":null,""cfg_rescale_multiplier"":null,""width"":1024,""height"":1024,""guidance"":null},""variant"":""normal"",""config_path"":""stable-diffusion/sd_xl_base.yaml"",""converted_at"":1754183142.0,""prediction_type"":""epsilon"",""upcast_attention"":false}","2025-07-28 08:11:16.004","2025-08-03 01:05:51.002",6938040760
"bd248905-c974-45f3-8bf9-3d4a41bfb493","blake3:c1030085a6abc969f026ab7ea3ca9e3510f11c7aa2be1999eb529e2283c5b0e1","sdxl-refiner","main","sdxl-refiner/main/SDXL Refiner.0","diffusers","SDXL Refiner","The OG Stable Diffusion XL refiner model.",,"{""key"":""bd248905-c974-45f3-8bf9-3d4a41bfb493"",""hash"":""blake3:c1030085a6abc969f026ab7ea3ca9e3510f11c7aa2be1999eb529e2283c5b0e1"",""path"":""sdxl-refiner/main/SDXL Refiner.0"",""file_size"":6244878586,""name"":""SDXL Refiner"",""type"":""main"",""format"":""diffusers"",""base"":""sdxl-refiner"",""source"":""stabilityai/stable-diffusion-xl-refiner-1.0"",""source_type"":""hf_repo_id"",""description"":""The OG Stable Diffusion XL refiner model."",""source_api_response"":""{\""id\"": \""stabilityai/stable-diffusion-xl-refiner-1.0\"", \""author\"": \""stabilityai\"", \""sha\"": \""5d4cfe854c9a9a87939ff3653551c2b3c99a4356\"", \""last_modified\"": \""2023-09-25 13:42:56+00:00\"", \""created_at\"": \""2023-07-26 07:38:01+00:00\"", \""private\"": false, \""gated\"": false, \""disabled\"": false, \""downloads\"": 472740, \""downloads_all_time\"": null, \""likes\"": 1929, \""library_name\"": \""diffusers\"", \""gguf\"": null, \""inference\"": null, \""inference_provider_mapping\"": null, \""tags\"": [\""diffusers\"", \""safetensors\"", \""stable-diffusion\"", \""image-to-image\"", \""arxiv:2307.01952\"", \""arxiv:2211.01324\"", \""arxiv:2108.01073\"", \""arxiv:2112.10752\"", \""license:openrail++\"", \""diffusers:StableDiffusionXLImg2ImgPipeline\"", \""region:us\""], \""pipeline_tag\"": \""image-to-image\"", \""mask_token\"": null, \""trending_score\"": null, \""card_data\"": \""license: openrail++\\ntags:\\n- stable-diffusion\\n- image-to-image\"", \""widget_data\"": null, \""model_index\"": null, \""config\"": {\""diffusers\"": {\""_class_name\"": \""StableDiffusionXLImg2ImgPipeline\""}}, \""transformers_info\"": null, \""siblings\"": [\""RepoSibling(rfilename='.gitattributes', size=1562, blob_id='7691f136a2661ab8fa1e9396a024016ae8aa4799', lfs=None)\"", \""RepoSibling(rfilename='01.png', size=5351008, blob_id='3839b9ea2db96413a1f40b2c27311eab785ba7e4', lfs=BlobLfsInfo(size=5351008, sha256='8fe56c6b7fffb7244dced398592b11443043d04431ab1907dc89cba5eb7fe72a', pointer_size=132))\"", \""RepoSibling(rfilename='LICENSE.md', size=14109, blob_id='af7e355e31c0d976933aa0d06759611151ad8c39', lfs=None)\"", \""RepoSibling(rfilename='README.md', size=5542, blob_id='371cb8da6442d93bce6c0c901fc87864dba16cef', lfs=None)\"", \""RepoSibling(rfilename='comparison.png', size=130252, blob_id='b66e414aae477b4cab71afecdb09c72ce4d40641', lfs=None)\"", \""RepoSibling(rfilename='model_index.json', size=612, blob_id='d1024c8407ea1d8a7ed659509888ed667c0f38d6', lfs=None)\"", \""RepoSibling(rfilename='pipeline.png', size=80188, blob_id='6b1b855d1990dae016602a5855581b4c23cee376', lfs=None)\"", \""RepoSibling(rfilename='scheduler/scheduler_config.json', size=479, blob_id='e5bc8421e047838523be7acfb6720f167f7382f6', lfs=None)\"", \""RepoSibling(rfilename='sd_xl_refiner_1.0.safetensors', size=6075981930, blob_id='73f461bed1c6ccf74548ebd9da0e62122f7a25bd', lfs=BlobLfsInfo(size=6075981930, sha256='7440042bbdc8a24813002c09b6b69b64dc90fded4472613437b7f55f9b7d9c5f', pointer_size=135))\"", \""RepoSibling(rfilename='sd_xl_refiner_1.0_0.9vae.safetensors', size=6075981930, blob_id='a02ae10c24ca56a33899753f78233a5d185ae72e', lfs=BlobLfsInfo(size=6075981930, sha256='8d0ce6c016004cbdacd50f937dad381d8c396628d621a7f97191470532780164', pointer_size=135))\"", \""RepoSibling(rfilename='text_encoder_2/config.json', size=575, blob_id='da1848b5ed17b676f021578838f12c4023b86379', lfs=None)\"", \""RepoSibling(rfilename='text_encoder_2/model.fp16.safetensors', size=1389382176, blob_id='1a41ba6f6d67ebaaea453978332a941d0bc5dae5', lfs=BlobLfsInfo(size=1389382176, sha256='ec310df2af79c318e24d20511b601a591ca8cd4f1fce1d8dff822a356bcdb1f4', pointer_size=135))\"", \""RepoSibling(rfilename='text_encoder_2/model.safetensors', size=2778702264, blob_id='ebfad577cacc107c4d5ca0646348d8fed0b03728', lfs=BlobLfsInfo(size=2778702264, sha256='3a6032f63d37ae02bbc74ccd6a27440578cd71701f96532229d0154f55a8d3ff', pointer_size=135))\"", \""RepoSibling(rfilename='tokenizer_2/merges.txt', size=524619, blob_id='76e821f1b6f0a9709293c3b6b51ed90980b3166b', lfs=None)\"", \""RepoSibling(rfilename='tokenizer_2/special_tokens_map.json', size=460, blob_id='ae0c5be6f35217e51c4c000fd325d8de0294e99c', lfs=None)\"", \""RepoSibling(rfilename='tokenizer_2/tokenizer_config.json', size=725, blob_id='a8438e020c4497a429240d6b89e0bf9a6e2ffa92', lfs=None)\"", \""RepoSibling(rfilename='tokenizer_2/vocab.json', size=1059962, blob_id='469be27c5c010538f845f518c4f5e8574c78f7c8', lfs=None)\"", \""RepoSibling(rfilename='unet/config.json', size=1709, blob_id='a800deb05f8387cac67a6f98e5a77c5fdd87773d', lfs=None)\"", \""RepoSibling(rfilename='unet/diffusion_pytorch_model.fp16.safetensors', size=4519210760, blob_id='98529116a1ab42be8a16bdfb48455a0fa93155f2', lfs=BlobLfsInfo(size=4519210760, sha256='3ea0376dcf065eaefd27806394a90e310001b1a71d4f1cf1f655e86c0e566ffe', pointer_size=135))\"", \""RepoSibling(rfilename='unet/diffusion_pytorch_model.safetensors', size=9038264392, blob_id='d1af0306f673b8e563938af4f34d010f91251b98', lfs=BlobLfsInfo(size=9038264392, sha256='54f9cd2f2daf3aeec0b2708fa3dbc0e84e4f8ddd1ddead42e5bc60c6572c989f', pointer_size=135))\"", \""RepoSibling(rfilename='vae/config.json', size=642, blob_id='a66a171ba7c8efb1a8fc3bdc64e65318eade8e13', lfs=None)\"", \""RepoSibling(rfilename='vae/diffusion_pytorch_model.fp16.safetensors', size=167335342, blob_id='d490d01ec5a179303986f73b7ef0675f014cf016', lfs=BlobLfsInfo(size=167335342, sha256='bcb60880a46b63dea58e9bc591abe15f8350bde47b405f9c38f4be70c6161e68', pointer_size=134))\"", \""RepoSibling(rfilename='vae/diffusion_pytorch_model.safetensors', size=334643268, blob_id='1818a529a16a31e664a0107d944fc3c0b91a4855', lfs=BlobLfsInfo(size=334643268, sha256='1598f3d24932bcfe6634e8b618ea1e30ab1d57f5aad13a6d2de446d2199f2341', pointer_size=134))\"", \""RepoSibling(rfilename='vae_1_0/config.json', size=607, blob_id='29a4d9ff621cd8e3b50d80eb10e08450187d29b8', lfs=None)\"", \""RepoSibling(rfilename='vae_1_0/diffusion_pytorch_model.fp16.safetensors', size=167335342, blob_id='e22d20aa55db3a4afa1372e2ac6a31778bd533bd', lfs=BlobLfsInfo(size=167335342, sha256='eb6516ab7e1104d5d1a174a4d65c57835ae38061531d0a2192103aecfb790cc1', pointer_size=134))\"", \""RepoSibling(rfilename='vae_1_0/diffusion_pytorch_model.safetensors', size=334643268, blob_id='50f41b2eed063b6829cfee47bcee7cab2f8af7cf', lfs=BlobLfsInfo(size=334643268, sha256='27ed3b02e09638568e99d4398c67bc654dde04e6c0db61fb2d21dba630e7058a', pointer_size=134))\""], \""spaces\"": [\""mrfakename/OpenDalleV1.1-GPU-Demo\"", \""hysts/SDXL\"", \""gunship999/SexyImages\"", \""segmind/Segmind-Stable-Diffusion\"", \""Yntec/ToyWorld\"", \""KingNish/Image-Gen-Pro\"", \""Manjushri/Manju-Dream-Booth-A10G\"", \""Manjushri/Manju-Dream-Booth-GPU\"", \""llamameta/flux-pro-uncensored\"", \""Uthar/SexyReality\"", \""exx8/differential-diffusion\"", \""Yntec/PrintingPress\"", \""Nymbo/Compare-6\"", \""XCLiu/InstaFlow\"", \""TencentARC/ColorFlow\"", \""llamameta/fluxproV2\"", \""jeasinema/UltraEdit-SD3\"", \""openskyml/super-fast-sdxl-stable-diffusion-xl\"", \""phenixrhyder/NSFW-ToyWorld\"", \""openskyml/fast-sdxl-stable-diffusion-xl\"", \""Yntec/ToyWorldXL\"", \""prs-eth/rollingdepth\"", \""Yntec/blitz_diffusion\"", \""Manjushri/SDXL-1.0-CPU\"", \""mrfakename/OpenDalle-GPU-Demo\"", \""toninio19/keysync-demo\"", \""cosmicman/CosmicMan-SDXL\"", \""Nymbo/Image-Gen-Pro\"", \""John6666/Diffusion80XX4sg\"", \""ameerazam08/TempestV0.1-GPU-Demo\"", \""John6666/PrintingPress4\"", \""llamameta/fast-sd3.5-large\"", \""Vchitect/Vlogger-ShowMaker\"", \""dgoot/image-to-image\"", \""martynka/TasiaExperiment\"", \""LTT/DiMeR\"", \""yergyerg/ImgGenClone\"", \""Yntec/Image-Models-Test-2024\"", \""Yntec/Image-Models-Test-April-2024\"", \""DemiPoto/TestDifs\"", \""Abinivesh/Multi-models-prompt-to-image-generation\"", \""theSure/Omnieraser\"", \""Yntec/Image-Models-Test\"", \""awacke1/OpenDalleV1.1-GPU-Demo\"", \""John6666/hfd_test_nostopbutton\"", \""rahul7star/ai-toolkit\"", \""multimodalart/Cosmos-Predict2-2B\"", \""FFusion/FFusionXL-SDXL-DEMO\"", \""Yntec/Image-Models-Test-May-2024\"", \""LTT/Kiss3DGen\"", \""jbilcke-hf/image-server\"", \""sub314xxl/SDXL-1.0-Img2Img-CPU\"", \""AlphaQuark/img2img-01\"", \""cryptocalypse/sophia_ai_robot_prophet\"", \""Nymbo/Diffusion80XX4sg\"", \""SunderAli17/Generate_images_with_OpenDalle\"", \""Yntec/Image-Models-Test-September-2024\"", \""DemiPoto/testSortModels\"", \""multimodalart/ctrl-x\"", \""kaleidoskop-hug/PrintingPress\"", \""NativeAngels/Compare-6\"", \""AisingioroHao0/Artistic-Portrait-Generation\"", \""CreitinGameplays/cutycat2000x-InterDiffusion-3.5\"", \""Yntec/MiniToyWorld\"", \""fffiloni/Cobra\"", \""John6666/ToyWorld4\"", \""mantrakp/aai\"", \""segmind/Segmind-Vega\"", \""John6666/Diffusion80XX4g\"", \""smartfeed/image2image\"", \""SAITAN666/StableDiffusion35Large-Image-Models-Test-November-2024\"", \""mckeeboards/Image-Gen-Pro\"", \""NativeAngels/HuggingfaceDiffusion\"", \""Yntec/Image-Models-Test-December-2024\"", \""torahCodes/Torah_Codes\"", \""Omnibus/SDXL-1.0-Img2Img-CPU\"", \""John6666/Diffusion80XX4\"", \""K00B404/HuggingfaceDiffusion_custom\"", \""John6666/blitz_diffusion4\"", \""John6666/blitz_diffusion_builtin\"", \""batuhangoktepe/stabilityai-stable-diffusion-xl-refiner-1.0\"", \""K00B404/SimpleBrothel\"", \""JunhaoZhuang/Cobra\"", \""pikto/Diffuser\"", \""Fabrice-TIERCELIN/Make-my-image-tile\"", \""Yntec/Image-Models-Test-July-2024\"", \""Ffftdtd5dtft/gfgf\"", \""Blane187/multi-diffusion\"", \""NativeAngels/ToyWorld\"", \""Uthar/LewdExperiments\"", \""Uthar/BodyPaint\"", \""Uthar/HRGiger\"", \""Uthar/HighFashion\"", \""Yntec/open-craiyon\"", \""Yntec/Image-Models-Test-January-2025\"", \""Yntec/Image-Models-Test-March-2025\"", \""sub314xxl/SDXL-1.0-CPU\"", \""pikto/Elite-Scifi-Models\"", \""crystalai/stabilityai-stable-diffusion-xl-refiner-1.0\"", \""2MaxM/ShoeGenv2\""], \""safetensors\"": null, \""security_repo_status\"": null, \""xet_enabled\"": null, \""lastModified\"": \""2023-09-25 13:42:56+00:00\"", \""cardData\"": \""license: openrail++\\ntags:\\n- stable-diffusion\\n- image-to-image\"", \""transformersInfo\"": null, \""_id\"": \""64c0cd59200a5155968dea57\"", \""modelId\"": \""stabilityai/stable-diffusion-xl-refiner-1.0\"", \""usedStorage\"": 31115495204}"",""cover_image"":null,""submodels"":null,""usage_info"":null,""trigger_phrases"":null,""default_settings"":null,""variant"":""normal"",""repo_variant"":""fp16""}","2025-07-18 02:06:10.664","2025-07-18 02:06:10.664",6244878586
"ce48d10a-2cad-443a-a682-c39bdf8d6bb3","blake3:23ef953d9c18cc97d5bb0b6cddc979b343e96f63dd409f4e6d6ff51d9be7a7ab","sdxl-refiner","main","sdxl-refiner/main/sd_xl_refiner_1.0.safetensors","checkpoint","sd_xl_refiner_1.0","sdxl-refiner main model sd_xl_refiner_1.0",,"{""key"":""ce48d10a-2cad-443a-a682-c39bdf8d6bb3"",""hash"":""blake3:23ef953d9c18cc97d5bb0b6cddc979b343e96f63dd409f4e6d6ff51d9be7a7ab"",""path"":""sdxl-refiner/main/sd_xl_refiner_1.0.safetensors"",""file_size"":6075981930,""name"":""sd_xl_refiner_1.0"",""type"":""main"",""format"":""checkpoint"",""base"":""sdxl-refiner"",""source"":""/home/alex/Downloads/sd_xl_refiner_1.0.safetensors"",""source_type"":""path"",""description"":""sdxl-refiner main model sd_xl_refiner_1.0"",""source_api_response"":null,""cover_image"":null,""submodels"":null,""usage_info"":null,""trigger_phrases"":null,""default_settings"":null,""variant"":""normal"",""config_path"":""stable-diffusion/sd_xl_refiner.yaml"",""converted_at"":1752805302.9283953,""prediction_type"":""epsilon"",""upcast_attention"":false}","2025-07-18 02:21:45.720","2025-07-18 02:21:45.720",6075981930
